client_id,client_type,first_name,last_name,date_of_birth,gender,country,region,acquisition_purpose,satisfaction_score,loan_applied,referral_channel,age
C0001,Individual,Kareem,Liu,1968-05-11,F,USA,California,Home,4,Yes,Website,55.6413415468857
C0002,Individual,Trystan,Oconnor,1962-11-26,M,USA,California,Home,1,No,Website,61.097878165639976
C0003,Individual,Kale,Gay,1959-04-07,M,USA,California,Home,4,Yes,Agency,64.73648186173854
C0004,Individual,Russell,Gross,1959-11-25,M,USA,California,Home,5,No,Website,64.10130047912389
C0005,Company,Marleez,Co,1976-02-28,M,USA,California,Investment,5,No,Website,47.841204654346335
C0006,Individual,Yurem,Wright,1957-03-06,M,USA,California,Home,3,Yes,Website,66.8227241615332
C0007,Individual,Xavier,Faulkner,1947-05-24,M,Canada,Quebec,Investment,5,No,Website,76.60780287474333
C0008,Individual,Kayden,Olsen,1969-10-17,F,USA,California,Home,5,No,Website,54.20670773442848
C0009,Individual,Joaquin,Mullins,1975-10-05,M,USA,California,Investment,5,No,Agency,48.24093086926762
C0010,Individual,Nicolas,Navarro,1966-06-17,M,USA,Oregon,Investment,3,No,Agency,57.541409993155376
C0011,Individual,Laci,Guerra,1956-06-17,F,USA,California,Home,2,Yes,Website,67.5400410677618
C0012,Company,Kylax,Co,1975-04-25,M,USA,California,Investment,5,No,Website,48.68720054757016
C0013,Individual,Harley,Lucero,1962-08-10,M,USA,California,Home,1,Yes,Website,61.39356605065024
C0014,Company,Esther,Co,1980-07-10,M,USA,California,Home,3,Yes,Website,43.47707049965777
C0015,Individual,Jaylynn,Hickman,1941-08-19,F,USA,California,Home,5,No,Client,82.36824093086926
C0016,Individual,Olivia,Oconnell,1939-09-03,F,USA,California,Investment,5,No,Website,84.32854209445586
C0017,Individual,Antonio,Porter,1977-01-08,M,USA,Arizona,Home,3,No,Client,46.978781656399725
C0018,Individual,Luke,Lynn,1967-02-07,M,USA,California,Home,2,Yes,Agency,56.89801505817933
C0019,Individual,Anahi,Curry,1957-09-09,M,USA,California,Home,5,Yes,Client,66.3107460643395
C0020,Individual,Camille,Sharp,1967-10-17,F,USA,California,Home,5,No,Website,56.20807665982204
C0021,Individual,Jesus,Obrien,1938-06-09,M,USA,Oregon,Investment,3,No,Website,85.56331279945243
C0022,Individual,Araceli,Nelson,1966-09-14,M,Germany,Berlin,Investment,5,No,Agency,57.29774127310061
C0023,Individual,Cole,Taylor,1958-12-06,M,USA,California,Home,3,Yes,Website,65.07049965776865
C0024,Individual,Alonso,Terrell,1963-11-05,M,USA,California,Investment,4,No,Website,60.15605749486653
C0025,Individual,Rodolfo,Gibson,1937-01-20,M,USA,Nevada,Home,2,Yes,Website,86.94592744695414
C0026,Individual,Joseph,Reeves,1962-09-23,M,USA,California,Investment,5,No,Website,61.27310061601643
C0027,Individual,Grant,Weber,1968-09-08,M,USA,California,Home,5,Yes,Website,55.31279945242984
C0028,Individual,Ava,Phelps,1958-04-15,F,USA,California,Home,3,No,Client,65.7138945927447
C0029,Individual,Kyla,Walker,1976-02-26,F,USA,Colorado,Home,4,Yes,Agency,47.846680355920604
C0030,Individual,Alanna,Hess,1952-06-19,F,USA,Nevada,Home,3,No,Website,71.53456536618754
C0031,Individual,Skylar,Buchanan,1977-12-25,M,USA,Nevada,Home,4,Yes,Website,46.01779603011636
C0032,Individual,Rodrigo,Robinson,1966-08-11,M,USA,California,Home,4,No,Website,57.39082819986311
C0033,Individual,Lydia,Tate,1968-08-14,F,USA,California,Home,3,Yes,Website,55.38124572210815
C0034,Individual,Lauryn,Patrick,1969-10-30,F,Belgium,Brussels,Home,2,No,Agency,54.171115674195754
C0035,Individual,Diego,Mendez,1965-05-12,M,Mexico,Mexico City,Home,3,No,Agency,58.639288158795345
C0036,Individual,Victor,Jensen,1973-09-01,M,USA,California,Home,4,No,Website,50.332648870636554
C0037,Individual,Scarlet,Hendricks,1962-01-20,F,USA,California,Home,5,Yes,Website,61.946611909650926
C0038,Individual,Janelle,Espinoza,1974-12-25,F,USA,California,Investment,4,No,Client,49.01848049281314
C0039,Individual,Aleksandra,Karenina,1967-06-13,F,Russia,Krasnodar Krai,Home,1,No,Agency,56.55304585900068
C0040,Individual,Conner,Huff,1975-03-22,M,USA,Nevada,Home,5,No,Website,48.780287474332646
C0041,Individual,Zain,Horne,1967-04-13,M,USA,Arizona,Home,1,Yes,Website,56.720054757015745
C0042,Individual,Maia,Chandler,1975-08-12,F,USA,Utah,Home,1,Yes,Website,48.388774811772755
C0043,Individual,Jordyn,Park,1965-04-04,M,USA,Nevada,Investment,3,Yes,Website,58.743326488706366
C0044,Individual,Diana,Hunt,1931-02-13,F,USA,Arizona,Home,3,No,Website,92.88158795345653
C0045,Individual,Kevin,Mata,1968-10-12,M,USA,Colorado,Investment,2,No,Agency,55.219712525667354
C0046,Individual,Brisa,Mckee,1964-09-24,F,USA,California,Home,5,No,Client,59.26899383983573
C0047,Individual,Mason,Gilbert,1970-07-31,M,USA,Colorado,Home,2,No,Agency,53.42094455852156
C0048,Individual,Derick,Li,1957-03-20,M,USA,California,Home,3,Yes,Agency,66.78439425051334
C0049,Individual,Jace,Riggs,1971-08-20,F,USA,California,Home,1,No,Website,52.3668720054757
C0050,Individual,Jair,Johns,1940-03-05,M,USA,California,Home,5,No,Website,83.82477754962355
C0051,Individual,Matilda,Madden,1941-03-03,F,USA,Colorado,Home,3,No,Agency,82.8309377138946
C0052,Individual,Myla,Ewing,1967-02-03,F,USA,Oregon,Investment,2,No,Client,56.90896646132786
C0053,Individual,Miguel,Walter,1954-01-07,M,USA,Arizona,Home,4,No,Agency,69.98220396988364
C0054,Company,Bridger CAL,Co,1967-02-15,M,USA,Nevada,Investment,5,No,Website,56.876112251882276
C0055,Individual,Mara,Franco,1973-06-07,F,USA,California,Home,5,Yes,Agency,50.56810403832991
C0056,Individual,Erik,Mora,1964-12-07,M,USA,Oregon,Investment,5,No,Agency,59.06639288158795
C0057,Individual,Henry,Kennedy,1933-06-08,M,USA,California,Home,4,Yes,Agency,90.56536618754278
C0058,Company,Kenyon,Co,1969-05-03,F,USA,California,Investment,1,Yes,Website,54.66392881587954
C0059,Individual,Oswaldo,Palmer,1960-06-16,M,USA,California,Home,2,No,Website,63.54277891854894
C0060,Individual,Kassidy,Vega,1972-05-07,F,USA,California,Home,5,No,Website,51.65229295003422
C0061,Individual,Morgan,Glass,1967-05-12,M,USA,Utah,Home,5,No,Agency,56.64065708418891
C0062,Individual,Tyler,Carr,1974-03-27,M,USA,California,Home,5,Yes,Client,49.765913757700204
C0063,Individual,Yesenia,Marquez,1942-07-23,F,USA,Arizona,Home,4,No,Website,81.44284736481862
C0064,Individual,Gordon,Brown,1974-02-10,M,UK,Northern Ireland,Investment,4,No,Agency,49.889117043121146
C0065,Individual,Rodrigo,Ramirez,1972-03-26,M,USA,California,Home,1,No,Agency,51.76728268309377
C0066,Individual,Melanie,Holland,1974-12-25,F,USA,California,Investment,3,No,Client,49.01848049281314
C0067,Individual,Enrique,Cardenas,1977-06-10,M,USA,California,Home,2,No,Website,46.559890485968516
C0068,Individual,Helen,Williamson,1966-02-26,F,USA,Colorado,Home,5,Yes,Agency,57.84531143052703
C0069,Individual,Isis,Rios,1970-04-01,M,USA,California,Investment,4,No,Website,53.752224503764545
C0070,Individual,Kayley,Nielsen,1947-04-27,F,USA,Arizona,Home,4,Yes,Website,76.68172484599589
C0071,Individual,Donavan,Flowers,1985-12-27,M,USA,California,Home,1,Yes,Client,38.012320328542096
C0072,Individual,Augustus,Hinton,1953-02-03,M,USA,Nevada,Investment,2,No,Website,70.90759753593429
C0073,Individual,Alejandra,Greer,1965-01-11,F,Denmark,Capital Region,Investment,1,No,Agency,58.97056810403833
C0074,Individual,Violet,Nixon,1959-01-01,F,USA,Oregon,Investment,5,No,Client,64.99931553730322
C0075,Individual,Jaelyn,Berger,1970-05-05,F,USA,California,Home,3,No,Website,53.659137577002056
C0076,Individual,Tristian,Fuller,1956-03-13,M,USA,California,Home,5,No,Agency,67.80287474332648
C0077,Individual,Christian,Costa,1980-09-14,M,USA,California,Home,5,No,Website,43.29637234770705
C0078,Individual,Nora,Lynch,1948-04-23,F,USA,California,Home,5,No,Website,75.69062286105407
C0079,Individual,Dangelo,Shea,1954-02-27,M,Belgium,Brussels,Investment,4,No,Website,69.8425735797399
C0080,Individual,Aiyana,Christensen,1949-01-16,F,USA,California,Investment,3,No,Website,74.95687885010267
C0081,Individual,Sidney,Cline,1943-07-24,F,USA,California,Home,4,Yes,Website,80.44079397672827
C0082,Individual,Kaitlin,Owen,1981-12-26,F,USA,Virginia,Investment,5,No,Client,42.01505817932922
C0083,Individual,Issac,Edwards,1938-10-29,M,USA,California,Home,5,No,Website,85.17453798767967
C0084,Individual,Zaiden,Merritt,1948-02-23,M,USA,Wyoming,Home,3,No,Agency,75.854893908282
C0085,Individual,Iris,Larsen,1966-09-14,M,USA,California,Home,4,Yes,Agency,57.29774127310061
C0086,Individual,Grace,Stein,1968-12-20,F,USA,California,Home,3,Yes,Website,55.030800821355236
C0087,Individual,Alessandra,Perry,1979-05-15,F,USA,California,Home,4,No,Agency,44.63244353182751
C0088,Individual,Jamal,Mueller,1936-08-13,M,USA,Oregon,Investment,2,No,Website,87.38398357289527
C0089,Individual,Irvin,Ellis,1949-11-14,M,USA,California,Home,3,No,Agency,74.13004791238878
C0090,Individual,Terry,Forbes,1982-05-27,M,USA,California,Home,5,No,Client,41.59890485968515
C0091,Individual,Jacqueline,Grant,1959-11-13,F,USA,California,Home,4,No,Website,64.13415468856947
C0092,Individual,Brock,Fischer,1971-05-29,M,USA,Kansas,Home,3,No,Website,52.59411362080767
C0093,Individual,Curtis,Howard,1962-09-11,M,USA,California,Home,2,No,Agency,61.30595482546201
C0094,Individual,Avah,Huang,1948-04-23,F,USA,California,Home,5,No,Website,75.69062286105407
C0095,Individual,Frank,Meyer,1964-03-16,M,USA,California,Home,3,Yes,Agency,59.794661190965094
C0096,Individual,Darien,Dorsey,1985-12-27,M,USA,California,Investment,3,Yes,Website,38.012320328542096
C0097,Individual,Franklin,Mack,1943-06-18,M,USA,Virginia,Home,5,Yes,Website,80.53935660506502
C0098,Individual,Elena,Petrova,1949-06-22,F,Russia,Saint Petersburg,Home,3,Yes,Agency,74.52703627652294
C0099,Individual,Jack,Hanson,1941-12-01,M,USA,California,Investment,4,No,Website,82.08350444900753
C0100,Individual,Emmett,Estes,1969-06-05,M,USA,California,Home,3,No,Website,54.573579739904176
C0101,Individual,Aniya,Miller,1951-03-02,F,USA,Nevada,Home,3,No,Website,72.83504449007529
C0102,Individual,Jack,Anderson,1947-02-13,M,USA,California,Investment,5,Yes,Website,76.88158795345653
C0103,Individual,Kael,Hurley,1973-12-15,M,USA,Colorado,Home,3,No,Website,50.04517453798768
C0104,Individual,Kamden,Stewart,1978-09-14,M,USA,California,Home,5,No,Website,45.29774127310061
C0105,Individual,Aniyah,Ali,1959-11-03,F,USA,California,Investment,2,Yes,Website,64.1615331964408
C0106,Individual,Simon,Bennett,1953-06-09,M,USA,Colorado,Home,4,No,Website,70.56262833675565
C0107,Individual,Laurel,Benitez,1959-08-06,M,USA,California,Home,4,Yes,Agency,64.40520191649556
C0108,Individual,Trey,Strong,1958-12-20,M,USA,California,Home,4,No,Agency,65.0321697467488
C0109,Individual,Myah,Roman,1933-05-05,F,USA,California,Investment,5,Yes,Agency,90.65845311430527
C0110,Individual,Nyla,Blake,1959-06-05,F,USA,California,Investment,5,Yes,Agency,64.57494866529774
C0111,Individual,Kole,Shannon,1979-06-27,M,USA,Arizona,Home,2,Yes,Website,44.51471594798083
C0112,Individual,Melany,Glover,1960-10-01,F,USA,California,Investment,1,Yes,Agency,63.2498288843258
C0113,Individual,Arthur,Bray,1949-07-14,M,USA,Utah,Investment,4,No,Agency,74.46680355920603
C0114,Individual,Kamila,Collier,1962-01-21,F,USA,California,Home,1,Yes,Website,61.94387405886379
C0115,Individual,Amanda,Simon,1978-12-03,F,USA,California,Home,5,No,Agency,45.07871321013005
C0116,Individual,Erika,Steward,1955-08-07,F,USA,California,Investment,4,No,Website,68.40246406570841
C0117,Individual,Jakobe,Bailey,1964-10-06,M,UK,Scotland,Investment,4,No,Agency,59.23613963039014
C0118,Individual,Sonia,Choi,1948-11-09,F,USA,Oregon,Investment,5,No,Agency,75.14305270362765
C0119,Individual,Erika,Gallagher,1942-07-19,F,USA,California,Home,1,Yes,Website,81.45379876796714
C0120,Individual,Madeline,Michael,1953-07-30,F,USA,California,Home,4,Yes,Website,70.42299794661191
C0121,Individual,Bennett,Chen,1950-07-18,M,USA,Nevada,Home,2,No,Website,73.45653661875428
C0122,Individual,Belinda,Hogan,1973-08-18,F,USA,California,Home,1,Yes,Agency,50.3709787816564
C0123,Individual,Johanna,Fisher,1962-08-25,F,USA,California,Home,4,Yes,Website,61.35249828884326
C0124,Individual,Jaylen,Turner,1963-07-15,F,USA,California,Home,4,No,Agency,60.46543463381246
C0125,Individual,Michael,Juarez,1976-12-25,M,USA,Colorado,Home,4,Yes,Agency,47.017111567419576
C0126,Individual,Adriana,Shaffer,1972-07-11,F,USA,California,Investment,2,No,Agency,51.474332648870636
C0127,Individual,Julio,Leonard,1974-07-18,M,USA,Nevada,Home,2,Yes,Website,49.45653661875428
C0128,Company,Abdiel,Co,1963-05-22,M,USA,Nevada,Investment,5,Yes,Website,60.61327857631759
C0129,Individual,Warren,Pugh,1973-07-17,M,USA,Arizona,Investment,5,No,Website,50.458590006844624
C0130,Individual,Luis,Crane,1959-04-20,M,USA,Nevada,Home,3,Yes,Website,64.70088980150582
C0131,Individual,Mohammad,Irwin,1971-12-02,M,USA,California,Home,1,No,Website,52.082135523613964
C0132,Individual,Davion,Stout,1965-07-20,M,USA,Nevada,Home,1,Yes,Agency,58.450376454483234
C0133,Individual,Logan,Simmons,1946-09-14,M,USA,California,Investment,4,No,Agency,77.29774127310061
C0134,Individual,Kaylin,Villarreal,1932-06-13,F,Russia,Novosibirsk,Investment,3,No,Website,91.55099247091033
C0135,Individual,Ruben,Melton,1939-03-05,M,USA,Utah,Investment,2,No,Agency,84.8268309377139
C0136,Individual,Gianni,Fritz,1973-09-15,M,USA,California,Home,3,No,Website,50.2943189596167
C0137,Individual,Emilie,Morrison,1957-10-29,F,USA,California,Home,3,Yes,Website,66.17385352498289
C0138,Individual,Crystal,Wyatt,1939-06-30,F,USA,Oregon,Investment,3,Yes,Website,84.50650239561944
C0139,Individual,Annabel,Robles,1969-10-14,F,USA,California,Home,5,Yes,Website,54.21492128678987
C0140,Individual,Rachel,Cross,1952-06-18,F,USA,California,Home,3,No,Website,71.53730321697468
C0141,Individual,Madalyn,Mercer,1986-06-21,F,USA,California,Home,5,No,Website,37.530458590006845
C0142,Individual,Michelle,Cameron,1978-06-04,F,USA,Nevada,Home,3,Yes,Website,45.57700205338809
C0143,Individual,Ezra,Lozano,1958-02-24,M,USA,California,Home,1,No,Website,65.8507871321013
C0144,Individual,Ramiro,Oneill,1954-09-29,M,USA,California,Home,4,No,Agency,69.25667351129364
C0145,Individual,Emely,Watts,1964-11-30,F,USA,California,Home,4,No,Website,59.08555783709788
C0146,Individual,Hazel,Ayers,1963-02-01,M,USA,Colorado,Home,2,No,Website,60.91444216290212
C0147,Individual,Cedric,Goodwin,1948-02-20,M,USA,Utah,Home,4,No,Client,75.86310746064339
C0148,Individual,Dayton,Hatfield,1969-04-19,M,USA,Colorado,Investment,4,Yes,Agency,54.70225872689939
C0149,Individual,Piotr,Aleksandrov,1955-12-02,M,Russia,Krasnodar Krai,Investment,3,No,Agency,68.08213552361396
C0150,Individual,Memphis,Mcconnell,1968-08-25,M,USA,California,Home,2,Yes,Website,55.351129363449694
C0151,Individual,Arabella,Ferrell,1976-08-17,F,USA,Oregon,Home,1,No,Agency,47.37303216974675
C0152,Individual,Sincere,Hansen,1967-01-19,F,USA,California,Investment,2,Yes,Agency,56.95003422313484
C0153,Individual,Lara,Carrillo,1983-02-24,F,USA,California,Home,5,No,Website,40.851471594798085
C0154,Individual,Valentina,Simpson,1965-01-24,F,USA,California,Home,4,Yes,Agency,58.93497604380561
C0155,Company,Kamd,Co,1975-08-18,M,USA,California,Investment,5,No,Agency,48.37234770704997
C0156,Individual,Case,Sanchez,1966-05-26,F,USA,California,Home,5,No,Website,57.60164271047228
C0157,Individual,Van,Charles,1952-05-15,M,USA,Colorado,Home,2,Yes,Client,71.63039014373716
C0158,Individual,Emmy,Singh,1979-12-03,F,USA,Virginia,Investment,3,Yes,Agency,44.07939767282683
C0159,Individual,Colin,Campos,1942-04-14,M,USA,California,Home,3,No,Website,81.71663244353182
C0160,Individual,Anya,Stephenson,1959-06-11,F,USA,California,Home,4,No,Website,64.55852156057495
C0161,Individual,Parker,Poole,1951-11-10,M,USA,California,Home,5,No,Website,72.14236824093086
C0162,Individual,Ivan,Bright,1953-09-15,M,USA,California,Home,4,No,Website,70.2943189596167
C0163,Individual,Larry,Turner,1986-03-24,M,USA,Utah,Investment,5,Yes,Agency,37.7741273100616
C0164,Individual,Matthew,Nelson,1986-09-20,M,USA,Arizona,Home,5,No,Website,37.281314168377826
C0165,Individual,Mary,Hall,1956-07-11,F,USA,California,Home,3,Yes,Website,67.47433264887064
C0166,Individual,Carolyn,Weaver,1984-01-24,F,USA,Arizona,Home,4,Yes,Agency,39.937029431895965
C0167,Individual,Grace,Green,1955-02-02,F,UK,Scotland,Home,3,Yes,Website,68.91170431211499
C0168,Individual,Pamela,Sanders,1960-06-06,F,USA,Nevada,Home,3,No,Agency,63.57015742642026
C0169,Individual,Terry,Turner,1990-08-13,M,USA,Ohio,Investment,5,Yes,Agency,33.385352498288846
C0170,Individual,Jacob,Jones,1949-06-13,M,USA,California,Home,5,No,Website,74.55167693360711
C0171,Individual,Julie,Sanders,1991-05-05,F,USA,Washington,Investment,5,Yes,Client,32.65982203969884
C0172,Individual,Catherine,Carter,1992-09-16,F,USA,Washington,Home,1,Yes,Agency,31.290896646132786
C0173,Individual,Amber,Wilson,1976-07-20,F,USA,Arizona,Home,5,Yes,Agency,47.449691991786445
C0174,Individual,Rachel,Harris,1982-07-06,F,USA,California,Investment,3,No,Client,41.489390828199866
C0175,Individual,Brandon,Alexander,1962-04-05,M,USA,Washington,Home,5,No,Agency,61.74127310061601
C0176,Individual,Hannah,Williams,1993-06-27,F,USA,California,Home,2,No,Website,30.51334702258727
C0177,Individual,Sarah,Hansen,1951-03-05,F,UK,England,Home,5,Yes,Website,72.8268309377139
C0178,Individual,Laura,Chavez,1952-12-23,F,USA,Virginia,Home,4,No,Agency,71.02258726899385
C0179,Individual,Ashley,Turner,1986-02-11,F,USA,Oregon,Investment,2,No,Website,37.88637919233402
C0180,Individual,Jacob,Wilson,1943-01-28,M,USA,California,Home,2,Yes,Agency,80.92539356605064
C0181,Individual,Lawrence,Peterson,1970-04-26,M,USA,Texas,Home,2,Yes,Website,53.68377823408624
C0182,Individual,Virginia,Bennett,1971-12-02,F,Germany,North Rhine-Westphalia,Investment,1,Yes,Website,52.082135523613964
C0183,Individual,Nicholas,Green,1988-09-15,M,USA,Nevada,Home,3,No,Website,35.29363449691992
C0184,Individual,Peter,Pierce,1994-01-21,M,USA,Florida,Home,1,No,Website,29.94387405886379
C0185,Individual,Andrea,Nelson,1945-07-02,F,USA,Nevada,Home,4,Yes,Agency,78.4996577686516
C0186,Individual,Carol,Green,1982-04-02,F,USA,Virginia,Home,1,No,Website,41.74948665297741
C0187,Individual,Cheryl,Kim,1990-01-17,F,USA,Florida,Home,1,No,Website,33.95482546201232
C0188,Individual,Jose,Martin,1940-10-08,M,USA,Oregon,Home,5,Yes,Website,83.23066392881589
C0189,Individual,Anna,Adams,1958-12-11,F,USA,California,Home,2,No,Agency,65.056810403833
C0190,Individual,Karen,Johnson,1971-10-19,F,USA,California,Home,2,No,Website,52.20260095824778
C0191,Individual,Sarah,Turner,1977-05-06,F,USA,Florida,Home,3,No,Agency,46.65571526351814
C0192,Individual,Margaret,Moore,1984-02-04,F,Belgium,Brussels,Investment,2,Yes,Website,39.90691307323751
C0193,Individual,Sharon,Campbell,1968-08-09,F,USA,California,Investment,4,Yes,Website,55.39493497604381
C0194,Individual,Jonathan,Hall,1953-08-18,M,France,Ile-de-France,Home,5,Yes,Website,70.3709787816564
C0195,Individual,Sean,Jones,1947-06-19,M,USA,California,Home,2,Yes,Website,76.5366187542779
C0196,Individual,Alexander,Adams,1957-04-22,M,USA,Nevada,Investment,5,No,Agency,66.69404517453799
C0197,Individual,Kevin,Wright,1944-07-01,M,USA,Virginia,Home,4,No,Client,79.50171115674196
C0198,Individual,Michelle,White,1976-01-28,F,USA,California,Home,4,No,Website,47.92607802874743
C0199,Individual,Ryan,Brown,1958-04-13,M,USA,California,Home,3,No,Agency,65.71937029431896
C0200,Individual,Linda,Harris,1944-05-06,F,USA,California,Home,1,No,Agency,79.65503080082135
C0201,Individual,Lauren,Weaver,1968-02-13,F,USA,California,Home,1,No,Agency,55.88227241615332
C0202,Individual,Jack,Reyes,1996-11-11,M,Canada,British Columbia,Home,1,No,Website,27.137577002053387
C0203,Individual,Christine,Brooks,1956-05-18,F,USA,California,Home,4,No,Client,67.62217659137578
C0204,Individual,Joyce,Pierce,1947-01-10,F,USA,California,Home,5,No,Agency,76.97467488021903
C0205,Individual,Kelly,Nelson,1968-08-26,F,Mexico,Puebla,Home,1,Yes,Agency,55.34839151266256
C0206,Individual,Nancy,Roberts,1957-05-08,F,USA,California,Home,1,Yes,Agency,66.65023956194388
C0207,Individual,Kyle,Gray,1944-11-19,M,USA,Virginia,Investment,4,No,Website,79.11567419575633
C0208,Individual,Mark,James,1986-03-26,M,France,Provence,Home,4,Yes,Agency,37.76865160848734
C0209,Individual,Kyle,Moore,1949-08-22,M,USA,Arizona,Investment,3,No,Agency,74.36002737850787
C0210,Individual,Janice,Price,1943-03-24,F,USA,Colorado,Home,2,No,Website,80.77481177275838
C0211,Individual,Amy,Evans,1972-02-23,F,USA,California,Home,3,No,Agency,51.854893908282
C0212,Individual,Jacob,Wood,1956-03-23,M,USA,California,Home,4,No,Agency,67.77549623545517
C0213,Individual,Jason,Gray,1976-10-23,M,USA,Florida,Investment,5,No,Agency,47.1895961670089
C0214,Individual,Helen,Wood,1946-07-18,F,Belgium,Brussels,Investment,5,No,Website,77.45653661875428
C0215,Individual,Lauren,Foster,1999-07-11,F,Germany,Hamburg,Investment,4,No,Website,24.476386036960985
C0216,Individual,Albert,Hansen,1999-07-19,M,USA,Utah,Home,1,No,Website,24.45448323066393
C0217,Individual,Deborah,Miller,1984-07-11,F,USA,Colorado,Home,3,No,Website,39.474332648870636
C0218,Individual,Shirley,Anderson,1970-01-24,F,USA,California,Home,2,No,Website,53.935660506502394
C0219,Individual,William,Turner,1988-01-20,M,USA,California,Home,4,No,Website,35.94798083504449
C0220,Individual,Walter,Phillips,1951-06-06,M,Canada,Ontario,Investment,1,No,Website,72.57221081451061
C0221,Company,Atlas,Co,1987-05-14,F,USA,California,Home,5,No,Website,36.63518138261465
C0222,Individual,Christopher,Stone,1956-11-08,M,USA,Utah,Investment,3,No,Agency,67.14579055441479
C0223,Individual,Patrick,Hansen,1973-11-12,M,USA,Colorado,Investment,3,Yes,Website,50.13552361396304
C0224,Individual,Nathan,Richardson,1960-08-23,M,USA,Colorado,Home,5,No,Website,63.356605065023956
C0225,Individual,Evelyn,Reyes,1948-12-19,F,USA,California,Home,1,Yes,Agency,75.03353867214237
C0226,Individual,Julia,Jordan,1958-07-11,F,USA,Colorado,Home,2,No,Website,65.4757015742642
C0227,Individual,Rachel,Evans,1944-10-23,F,USA,Arizona,Home,5,Yes,Website,79.1895961670089
C0228,Individual,Hannah,Owens,1952-04-23,F,USA,Oregon,Investment,4,No,Website,71.69062286105407
C0229,Individual,Jose,Turner,1981-11-19,M,USA,Colorado,Investment,5,No,Website,42.116358658453116
C0230,Company,Forsyte,Co,1977-07-22,M,USA,Nevada,Investment,4,Yes,Website,46.444900752908964
C0231,Individual,Ronald,Rogers,1993-12-18,M,Denmark,Central Denmark,Investment,2,Yes,Website,30.036960985626283
C0232,Individual,Megan,Kim,1962-05-04,F,USA,California,Home,3,Yes,Website,61.661875427789184
C0233,Individual,Larry,Garcia,1997-09-10,M,France,Provence,Home,4,Yes,Website,26.308008213552363
C0234,Individual,Andrea,Hughes,1979-03-02,F,USA,New York,Home,1,Yes,Website,44.83504449007529
C0235,Individual,Kenneth,Allen,1949-10-10,M,USA,California,Home,5,No,Website,74.2258726899384
C0236,Individual,Gerald,Howard,1972-08-10,M,Canada,Manitoba,Home,3,No,Agency,51.39219712525667
C0237,Individual,Jason,Nelson,1984-11-03,M,USA,California,Home,5,Yes,Website,39.15947980835045
C0238,Individual,Amber,Patterson,1982-01-08,F,USA,Virginia,Home,4,Yes,Agency,41.97946611909651
C0239,Individual,Megan,Baker,1973-02-18,F,USA,Oregon,Home,3,Yes,Website,50.86652977412731
C0240,Individual,Amber,Morales,1942-05-15,F,USA,Colorado,Investment,3,No,Website,81.63175906913074
C0241,Individual,Kelly,Anderson,1962-01-14,F,Mexico,Nuevo Leon,Home,5,Yes,Website,61.96303901437371
C0242,Individual,Stephen,Peterson,1998-03-16,M,USA,Utah,Home,3,Yes,Agency,25.796030116358658
C0243,Individual,Nancy,Patterson,1978-07-11,F,USA,Utah,Home,2,No,Website,45.4757015742642
C0244,Individual,Joyce,Pierce,1998-08-03,F,USA,California,Home,1,No,Website,25.412731006160165
C0245,Individual,Sean,Long,1974-01-07,M,USA,Nevada,Investment,4,No,Agency,49.98220396988364
C0246,Individual,Stephen,Pierce,1992-05-15,M,France,Normandy,Home,1,Yes,Agency,31.630390143737166
C0247,Individual,Kevin,Morris,1965-01-18,M,USA,California,Home,1,No,Website,58.95140314852841
C0248,Individual,Carl,Collins,1968-12-09,M,USA,Florida,Home,4,Yes,Agency,55.06091718001369
C0249,Individual,Stephanie,Montgomery,1968-12-05,F,USA,California,Investment,4,No,Agency,55.07186858316222
C0250,Individual,Justin,Stewart,1947-10-19,M,UK,England,Home,2,No,Agency,76.20260095824777
C0251,Individual,Janice,Chavez,1976-08-11,F,USA,Utah,Home,5,No,Website,47.389459274469544
C0252,Individual,Elizabeth,Rogers,1953-08-23,F,USA,Nevada,Investment,2,No,Website,70.35728952772074
C0253,Individual,Betty,Hughes,1994-09-15,F,USA,Virginia,Home,4,No,Website,29.295003422313485
C0254,Individual,Rachel,Freeman,1956-07-21,F,USA,Florida,Home,5,No,Website,67.44695414099931
C0255,Individual,Sara,Jones,1961-02-08,F,UK,England,Investment,3,Yes,Client,62.893908281998634
C0256,Individual,Anthony,Hughes,1990-12-10,M,USA,California,Home,1,Yes,Website,33.059548254620125
C0257,Individual,Nicholas,Kim,1974-10-22,M,USA,California,Home,1,No,Website,49.1937029431896
C0258,Individual,Carl,Murray,1991-04-15,M,UK,Northern Ireland,Home,4,Yes,Agency,32.714579055441476
C0259,Individual,Emma,Chavez,1990-02-15,F,USA,Oregon,Home,4,No,Website,33.87542778918549
C0260,Individual,Rebecca,Wood,1946-08-04,F,USA,Nevada,Investment,3,No,Website,77.40999315537303
C0261,Company,Celera,Co,1985-05-13,F,USA,Florida,Investment,4,Yes,Website,38.63655030800821
C0262,Individual,Billy,Bryant,1947-05-25,M,USA,Oregon,Home,2,No,Website,76.6050650239562
C0263,Individual,Anthony,Garcia,1981-08-02,M,USA,Nevada,Investment,2,Yes,Website,42.41478439425051
C0264,Individual,Melissa,Baker,1992-09-12,F,USA,Colorado,Home,2,Yes,Agency,31.301848049281315
C0265,Company,Celera,Co,1967-04-13,M,Belgium,Flanders,Home,1,No,Website,56.720054757015745
C0266,Individual,Aaron,Owens,1977-02-26,M,USA,California,Home,5,Yes,Agency,46.84462696783025
C0267,Individual,Judy,Howard,1948-11-12,F,USA,Utah,Home,4,Yes,Agency,75.13483915126626
C0268,Individual,Danielle,Carter,1959-02-21,F,USA,Georgia,Investment,3,No,Website,64.85968514715948
C0269,Individual,David,Stewart,1969-02-04,M,USA,New York,Home,2,No,Agency,54.90485968514716
C0270,Individual,Megan,Allen,1944-07-21,F,USA,Florida,Home,5,No,Website,79.44695414099931
C0271,Individual,Laura,Hughes,1972-04-28,F,USA,California,Investment,3,No,Agency,51.676933607118414
C0272,Individual,Pamela,Green,1993-08-03,F,UK,Scotland,Home,5,Yes,Website,30.412046543463383
C0273,Individual,Paul,Morales,1987-02-27,M,Denmark,Zealand,Investment,2,No,Website,36.84325804243669
C0274,Individual,Raymond,Young,1950-10-01,M,USA,Florida,Home,2,No,Website,73.25119780971937
C0275,Individual,William,Thompson,2000-06-26,M,USA,Oregon,Home,1,Yes,Website,23.515400410677618
C0276,Individual,Gloria,Harris,1953-02-16,F,USA,Washington,Home,5,No,Website,70.87200547570157
C0277,Individual,Jordan,Garcia,1954-11-17,M,USA,Colorado,Investment,1,Yes,Agency,69.12251882272416
C0278,Individual,Margaret,Foster,1955-08-03,F,USA,California,Investment,2,Yes,Website,68.41341546885695
C0279,Individual,Heather,Montgomery,1967-05-15,F,USA,Oregon,Home,1,No,Website,56.63244353182751
C0280,Individual,Nathan,Price,1944-04-14,M,USA,Florida,Home,4,No,Client,79.71526351813826
C0281,Individual,Katherine,Phillips,1977-03-22,F,USA,California,Home,1,Yes,Agency,46.77891854893908
C0282,Individual,Emily,Owens,1997-10-18,F,USA,California,Investment,1,No,Website,26.203969883641342
C0283,Individual,Susan,Edwards,1962-05-12,F,USA,Arizona,Home,2,Yes,Agency,61.63997262149213
C0284,Individual,Patrick,Owens,1977-02-25,M,USA,Arizona,Home,4,No,Client,46.847364818617386
C0285,Individual,Billy,Parker,1999-03-09,M,France,Ile-de-France,Investment,3,No,Website,24.815879534565365
C0286,Individual,Noah,Brooks,1996-03-24,M,UK,Scotland,Home,1,No,Agency,27.772758384668034
C0287,Individual,Joan,Bell,1990-06-10,F,Australia,New South Wales,Home,5,No,Website,33.5605749486653
C0288,Individual,Kevin,Freeman,1997-11-03,M,USA,Colorado,Investment,4,No,Agency,26.16016427104723
C0289,Individual,Laura,Hayes,1993-06-14,F,USA,California,Investment,5,No,Agency,30.548939082819988
C0290,Individual,Ryan,Watson,1962-01-01,M,USA,California,Home,2,No,Website,61.998631074606436
C0291,Individual,James,Bryant,1953-07-06,M,USA,Nevada,Home,2,No,Agency,70.48870636550308
C0292,Individual,Karen,Watson,1945-12-02,F,USA,California,Home,1,No,Agency,78.08076659822039
C0293,Individual,Ruth,Collins,1993-07-01,F,USA,California,Investment,4,No,Website,30.50239561943874
C0294,Individual,Nicholas,Reyes,1963-07-17,M,USA,Nevada,Home,3,Yes,Website,60.459958932238195
C0295,Individual,Roger,Harris,1967-09-07,M,Russia,Tatarstan,Home,3,No,Agency,56.31759069130732
C0296,Individual,Mark,Young,1984-04-06,M,Canada,Manitoba,Home,1,Yes,Client,39.73716632443532
C0297,Individual,Julia,Murray,1972-11-19,F,UK,Wales,Investment,5,No,Agency,51.115674195756334
C0298,Individual,Sarah,Patterson,1972-11-10,F,USA,Oregon,Home,3,No,Website,51.14031485284052
C0299,Individual,Barbara,Davis,1977-05-03,F,UK,Wales,Home,5,No,Agency,46.66392881587954
C0300,Individual,Zachary,Peterson,1959-04-11,M,Canada,Alberta,Home,5,Yes,Website,64.72553045859
C0301,Individual,Lisa,Alexander,1959-03-02,F,USA,Virginia,Home,4,No,Agency,64.83504449007529
C0302,Individual,Maria,Edwards,1976-07-25,F,USA,Utah,Investment,1,No,Agency,47.436002737850785
C0303,Individual,Betty,Owens,1957-07-10,F,USA,Virginia,Investment,5,Yes,Website,66.47775496235455
C0304,Individual,Patrick,Morris,1959-12-22,M,USA,California,Investment,1,No,Agency,64.02737850787132
C0305,Individual,Emily,Kim,1995-11-22,F,USA,Arizona,Home,1,No,Website,28.109514031485283
C0306,Individual,Samuel,Foster,1988-04-05,M,USA,California,Home,1,No,Client,35.73990417522245
C0307,Individual,Samuel,Freeman,1992-10-13,M,USA,California,Home,5,Yes,Client,31.21697467488022
C0308,Individual,Catherine,Roberts,1972-10-10,F,Belgium,Flanders,Investment,4,Yes,Agency,51.22518822724162
C0309,Individual,Stephanie,Cox,1957-10-15,F,USA,Washington,Home,4,No,Agency,66.21218343600273
C0310,Individual,Edward,Weaver,1992-05-02,M,UK,Northern Ireland,Home,3,No,Website,31.665982203969882
C0311,Individual,Justin,Anderson,1952-03-09,M,USA,Georgia,Home,2,No,Website,71.81382614647502
C0312,Individual,Zachary,Cooper,1941-01-14,M,USA,Nevada,Home,3,Yes,Website,82.96235455167694
C0313,Company,Stratos,Co,1974-04-12,M,USA,California,Home,1,No,Agency,49.72210814510609
C0314,Individual,Andrew,Jones,1982-08-23,M,USA,Washington,Investment,4,No,Agency,41.35797399041752
C0315,Individual,Michael,Phillips,1987-03-18,M,Mexico,Baja California,Investment,5,No,Website,36.79123887748118
C0316,Individual,Brandon,Martin,1997-04-14,M,UK,Scotland,Investment,4,Yes,Website,26.715947980835043
C0317,Individual,Amber,Hansen,1999-11-17,F,USA,California,Investment,2,Yes,Website,24.123203285420946
C0318,Individual,Amy,Peterson,1974-03-22,F,Germany,Berlin,Home,5,No,Website,49.779603011635864
C0319,Company,Zynex,Co,1995-11-12,F,USA,Texas,Home,5,Yes,Website,28.136892539356605
C0320,Individual,Tyler,Cox,1984-12-01,M,USA,Texas,Home,3,Yes,Client,39.082819986310746
C0321,Individual,Jesse,Cook,1992-01-12,M,USA,California,Investment,2,No,Agency,31.969883641341546
C0322,Individual,Deborah,Moore,1996-12-25,F,USA,California,Home,2,Yes,Website,27.017111567419576
C0323,Individual,Samantha,Hayes,1975-09-16,F,USA,California,Investment,2,Yes,Website,48.29295003422313
C0324,Individual,Raymond,Parker,1993-06-14,M,USA,Washington,Home,4,No,Website,30.548939082819988
C0325,Individual,Maria,Flores,1983-02-24,F,USA,California,Home,5,Yes,Agency,40.851471594798085
C0326,Individual,Daniel,Reed,1958-05-10,M,USA,Oregon,Investment,4,Yes,Agency,65.64544832306639
C0327,Individual,Elizabeth,Ward,1961-07-09,F,UK,Scotland,Home,1,No,Agency,62.48049281314169
C0328,Individual,William,Young,1946-10-22,M,USA,California,Home,1,Yes,Client,77.19370294318959
C0329,Individual,Diane,Morales,1998-10-05,F,Germany,Hesse,Home,3,No,Agency,25.240246406570844
C0330,Individual,Christian,Richardson,1975-06-21,M,USA,California,Home,1,No,Website,48.53114305270363
C0331,Individual,Ann,Martin,1984-05-23,F,USA,California,Investment,3,No,Agency,39.60848733744011
C0332,Individual,Christopher,Price,1989-12-15,M,USA,Texas,Investment,3,No,Website,34.04517453798768
C0333,Individual,Helen,Hall,1955-12-23,F,UK,Wales,Home,3,No,Website,68.02464065708419
C0334,Individual,Andrew,Roberts,1950-08-01,M,USA,Arizona,Investment,3,No,Agency,73.41820670773443
C0335,Individual,Charles,Morris,1975-12-24,M,USA,Arizona,Home,4,No,Website,48.02190280629706
C0336,Individual,Karen,Price,1971-11-17,F,USA,California,Investment,5,No,Agency,52.12320328542094
C0337,Individual,Nathan,Alexander,1942-01-27,M,USA,Arizona,Home,3,Yes,Website,81.927446954141
C0338,Individual,Patrick,Flores,1943-05-28,M,USA,California,Home,5,Yes,Website,80.5968514715948
C0339,Individual,Keith,King,1963-10-05,M,USA,Utah,Investment,5,No,Agency,60.24093086926762
C0340,Individual,Daniel,Garcia,1940-11-25,M,USA,California,Investment,2,No,Agency,83.09924709103353
C0341,Individual,Carl,Chavez,1982-11-10,M,USA,California,Investment,4,No,Agency,41.14168377823409
C0342,Individual,Kevin,Hughes,1974-08-15,M,USA,California,Investment,2,No,Client,49.379876796714576
C0343,Individual,Joyce,Thompson,1952-06-17,F,USA,California,Home,2,No,Website,71.5400410677618
C0344,Individual,Joshua,Jackson,1997-05-13,M,Canada,British Columbia,Home,2,Yes,Website,26.636550308008214
C0345,Individual,Stephanie,Hall,1969-09-15,F,USA,New York,Home,4,Yes,Website,54.2943189596167
C0346,Individual,Amy,Nelson,1963-06-02,F,USA,California,Home,5,No,Agency,60.58316221765914
C0347,Individual,Mark,Reyes,1992-05-24,M,USA,Washington,Home,3,Yes,Website,31.60574948665298
C0348,Individual,Jack,Pierce,1982-02-13,M,USA,Colorado,Investment,5,Yes,Agency,41.880903490759756
C0349,Individual,Paul,Jackson,1975-06-26,M,USA,Arizona,Home,2,Yes,Agency,48.51745379876797
C0350,Individual,Richard,Jones,1992-12-11,M,USA,Arizona,Home,2,No,Agency,31.055441478439427
C0351,Individual,Michelle,Watson,1961-12-27,F,USA,Oregon,Home,5,No,Agency,62.012320328542096
C0352,Individual,Judith,Williams,1977-06-22,F,USA,Nevada,Investment,3,No,Agency,46.52703627652293
C0353,Individual,Anna,Murray,1964-04-24,F,USA,Arizona,Home,2,No,Agency,59.68788501026694
C0354,Individual,Kimberly,Turner,1998-10-23,F,USA,California,Home,4,No,Website,25.190965092402465
C0355,Individual,Henry,Alexander,1951-10-16,M,Mexico,Baja California,Investment,1,No,Website,72.21081451060917
C0356,Individual,Andrea,Kim,1976-06-06,F,USA,Georgia,Home,3,No,Website,47.57015742642026
C0357,Individual,Danielle,Griffin,1988-04-09,F,USA,California,Home,3,No,Website,35.728952772073924
C0358,Individual,Katherine,Griffin,1978-09-26,F,Australia,New South Wales,Home,3,Yes,Agency,45.26488706365503
C0359,Individual,Julie,Cooper,1951-03-10,F,USA,California,Investment,1,No,Agency,72.81314168377824
C0360,Individual,Laura,Baker,1948-09-09,F,USA,Utah,Home,2,Yes,Agency,75.31006160164272
C0361,Individual,Nicholas,Miller,1958-09-08,M,UK,England,Home,1,Yes,Website,65.3141683778234
C0362,Individual,Betty,Moore,2000-09-06,F,USA,Utah,Home,4,No,Website,23.318275154004105
C0363,Individual,Christine,Edwards,1959-01-25,F,USA,Utah,Investment,2,No,Client,64.93360711841204
C0364,Individual,George,Gray,1944-03-02,M,USA,Texas,Home,2,No,Website,79.83299110198494
C0365,Individual,Brandon,Morales,1962-02-11,M,USA,Colorado,Investment,5,No,Agency,61.88637919233402
C0366,Individual,Keith,Long,1983-04-26,M,USA,California,Home,4,No,Website,40.68446269678302
C0367,Individual,Samuel,Collins,1964-11-25,M,USA,California,Investment,4,No,Agency,59.09924709103354
C0368,Individual,Betty,Scott,1992-08-11,F,USA,California,Home,4,Yes,Agency,31.38945927446954
C0369,Individual,Helen,Murray,1954-10-01,F,USA,Utah,Home,2,Yes,Agency,69.25119780971937
C0370,Individual,Michelle,Brooks,1957-09-23,F,Russia,Krasnodar Krai,Home,1,No,Website,66.27241615331964
C0371,Individual,Ryan,Moore,1970-03-15,M,Belgium,Wallonia,Investment,3,No,Agency,53.79876796714579
C0372,Individual,Teresa,Nelson,1952-04-22,F,Belgium,Flanders,Investment,1,No,Agency,71.69336071184121
C0373,Individual,Karen,Morales,1993-01-27,F,USA,Georgia,Home,2,No,Agency,30.926762491444215
C0374,Individual,Madison,Hughes,1993-11-07,F,Australia,New South Wales,Investment,4,Yes,Agency,30.1492128678987
C0375,Individual,Kyle,Thompson,1968-07-15,M,USA,California,Investment,4,No,Website,55.46338124572211
C0376,Individual,Shirley,Smith,1953-04-19,F,USA,California,Home,3,No,Website,70.70225872689939
C0377,Individual,Charles,Patterson,1998-05-14,M,USA,Washington,Home,4,No,Website,25.634496919917865
C0378,Individual,Heather,Anderson,1957-11-28,F,USA,California,Investment,3,Yes,Website,66.09171800136893
C0379,Company,Optima,Co,1977-04-22,M,USA,California,Investment,2,Yes,Client,46.69404517453799
C0380,Individual,Evelyn,Chavez,1973-09-13,F,USA,California,Home,3,Yes,Website,50.299794661190965
C0381,Individual,David,Gray,1961-01-08,M,USA,California,Home,5,Yes,Agency,62.978781656399725
C0382,Individual,Nicholas,Garcia,1975-08-08,M,USA,California,Investment,1,Yes,Agency,48.39972621492129
C0383,Company,Novex,Co,1985-11-09,F,Mexico,Mexico City,Investment,3,No,Agency,38.143737166324435
C0384,Individual,Amy,Stewart,1944-03-22,F,USA,California,Home,3,Yes,Website,79.77823408624229
C0385,Individual,Douglas,Owens,1969-01-12,M,UK,Northern Ireland,Investment,4,No,Website,54.9678302532512
C0386,Individual,Carol,Stewart,1976-03-25,F,USA,Colorado,Home,2,No,Client,47.7700205338809
C0387,Individual,Jessica,Owens,1974-07-18,F,USA,California,Home,2,Yes,Website,49.45653661875428
C0388,Individual,Zachary,Cox,1995-09-24,M,USA,California,Home,4,No,Agency,28.27104722792608
C0389,Individual,Ronald,Stone,1954-11-18,M,USA,Colorado,Home,3,No,Website,69.11978097193703
C0390,Individual,Steven,Griffin,1942-04-23,M,Canada,Quebec,Investment,2,No,Website,81.69199178644764
C0391,Individual,Heather,Long,1966-11-12,F,USA,California,Home,5,No,Agency,57.13620807665982
C0392,Individual,Katherine,Adams,1977-06-14,F,USA,Arizona,Home,2,Yes,Website,46.548939082819984
C0393,Individual,Nicole,Allen,1988-06-08,F,USA,Arizona,Home,4,No,Agency,35.564681724846
C0394,Individual,Shirley,Foster,1954-11-24,F,USA,Colorado,Home,3,Yes,Website,69.10335386721424
C0395,Individual,Deborah,Chavez,1959-01-17,F,USA,Florida,Home,1,No,Website,64.9555099247091
C0396,Individual,Charles,Allen,2000-04-17,M,USA,Nevada,Home,5,No,Agency,23.707049965776864
C0397,Individual,Hannah,Williams,2000-09-18,F,USA,California,Home,5,No,Website,23.28542094455852
C0398,Individual,Jennifer,Alexander,1948-12-22,F,USA,Texas,Home,1,Yes,Agency,75.02532511978097
C0399,Individual,Albert,Kim,1984-06-09,M,USA,California,Home,4,No,Agency,39.56194387405886
C0400,Individual,Brandon,Anderson,1959-11-25,M,USA,California,Home,4,No,Agency,64.10130047912389
C0401,Individual,Brian,Anderson,1969-07-21,M,USA,Arizona,Home,5,Yes,Website,54.4476386036961
C0402,Individual,Brenda,Garcia,1941-02-22,F,USA,Georgia,Home,5,No,Website,82.85557837097878
C0403,Individual,Jennifer,Adams,1963-03-25,F,Australia,New South Wales,Home,1,No,Website,60.772073921971256
C0404,Individual,Sara,Cook,1976-12-05,F,France,Normandy,Investment,1,No,Client,47.07186858316222
C0405,Company,Horizon,Co,1969-12-25,M,USA,Colorado,Home,1,No,Agency,54.01779603011636
C0406,Individual,Christine,Brown,1960-05-26,F,USA,Colorado,Home,3,No,Website,63.60027378507871
C0407,Individual,Lisa,Freeman,1982-04-23,F,USA,California,Home,2,No,Client,41.69199178644764
C0408,Individual,Tyler,Rogers,1977-02-03,M,USA,California,Home,3,No,Website,46.90759753593429
C0409,Individual,Timothy,Reyes,1972-09-18,M,USA,Nevada,Home,1,Yes,Website,51.285420944558524
C0410,Individual,Diane,Johnson,1982-07-13,F,Russia,Saint Petersburg,Home,5,Yes,Agency,41.47022587268994
C0411,Individual,Amanda,Moore,1983-05-09,F,USA,California,Home,2,No,Website,40.648870636550306
C0412,Individual,Karen,Richardson,1984-04-24,F,UK,Scotland,Home,5,No,Website,39.68788501026694
C0413,Individual,Brandon,Smith,1940-07-11,M,Canada,British Columbia,Home,3,No,Website,83.47433264887064
C0414,Individual,Brandon,Reed,1962-12-07,M,USA,California,Home,4,No,Website,61.06776180698152
C0415,Individual,Grace,Turner,1980-07-09,F,USA,Nevada,Home,5,Yes,Agency,43.4798083504449
C0416,Company,Bravada,Co,1981-07-28,M,Germany,North Rhine-Westphalia,Investment,5,Yes,Client,42.42847364818618
C0417,Individual,Peter,Collins,1947-12-03,M,USA,Utah,Home,2,No,Website,76.07939767282683
C0418,Individual,Douglas,Howard,1996-08-20,M,USA,Arizona,Home,5,No,Agency,27.364818617385353
C0419,Individual,Jack,Hansen,1962-11-03,M,USA,Washington,Home,3,Yes,Agency,61.16084873374401
C0420,Individual,Debra,Reyes,1994-01-04,F,USA,California,Home,5,No,Agency,29.99041752224504
C0421,Individual,Zachary,Cox,1975-08-25,M,Germany,Hesse,Investment,5,Yes,Website,48.35318275154004
C0422,Company,Telnox,Co,1973-11-13,F,USA,California,Home,1,Yes,Client,50.13278576317591
C0423,Individual,Rachel,Sanders,1950-04-17,F,USA,California,Home,1,No,Client,73.70841889117042
C0424,Individual,Sarah,Stewart,1998-12-04,F,USA,Florida,Home,1,No,Website,25.075975359342916
C0425,Individual,Gerald,Wright,1965-03-11,M,USA,Nevada,Home,2,No,Agency,58.809034907597535
C0426,Individual,Julie,Brown,1953-10-07,F,USA,Oregon,Home,4,Yes,Client,70.2340862422998
C0427,Individual,Sarah,Peterson,1994-09-06,F,USA,California,Home,4,Yes,Website,29.319644079397673
C0428,Individual,Gloria,Rogers,1962-07-20,F,USA,Oregon,Home,3,No,Agency,61.451060917180016
C0429,Individual,Danielle,Stone,1995-11-05,F,USA,California,Home,3,Yes,Website,28.15605749486653
C0430,Individual,Roger,Wood,1974-10-05,M,USA,Nevada,Home,2,No,Agency,49.24024640657084
C0431,Individual,Austin,King,1969-05-05,M,USA,California,Home,5,Yes,Website,54.65845311430527
C0432,Company,Grandis,Co,1995-02-17,M,USA,California,Home,5,No,Agency,28.870636550308006
C0433,Individual,Ruth,Hughes,1969-03-03,F,USA,California,Investment,2,Yes,Website,54.83093771389459
C0434,Individual,Amanda,Sanders,1964-12-25,F,Russia,Tatarstan,Home,5,No,Website,59.017111567419576
C0435,Individual,Sara,Richardson,1966-01-25,F,Australia,New South Wales,Home,5,Yes,Website,57.93292265571527
C0436,Individual,Brandon,Jones,1972-05-12,M,USA,Colorado,Home,2,Yes,Client,51.63860369609856
C0437,Individual,Danielle,James,1990-10-05,F,USA,Texas,Home,1,No,Website,33.24024640657084
C0438,Individual,Gregory,Collins,1982-10-09,M,USA,Georgia,Investment,1,Yes,Client,41.229295003422315
C0439,Individual,Larry,Thompson,1956-03-08,M,USA,Virginia,Home,2,No,Agency,67.81656399726215
C0440,Individual,Lawrence,Parker,1960-07-13,M,USA,California,Investment,1,No,Agency,63.46885694729637
C0441,Individual,Joan,Foster,1980-10-01,F,Russia,Krasnodar Krai,Investment,1,No,Agency,43.2498288843258
C0442,Individual,Sarah,Hansen,1975-04-14,F,USA,Colorado,Home,3,Yes,Website,48.71731690622861
C0443,Individual,Noah,Foster,1950-06-22,M,Denmark,Capital Region,Home,1,Yes,Agency,73.52772073921972
C0444,Individual,Jennifer,Martin,1941-03-15,F,USA,California,Home,2,No,Website,82.79808350444901
C0445,Individual,Michelle,Evans,1995-11-12,F,USA,California,Home,2,Yes,Website,28.136892539356605
C0446,Individual,Douglas,Thomas,1955-02-01,M,USA,Colorado,Home,2,No,Website,68.91444216290212
C0447,Individual,Patricia,Johnson,1956-06-27,F,USA,New York,Home,2,No,Website,67.51266255989049
C0448,Individual,Mark,White,1980-06-10,M,USA,Nevada,Investment,2,No,Agency,43.559206023271734
C0449,Individual,Jordan,King,1972-06-24,M,USA,Oregon,Investment,2,No,Agency,51.520876112251884
C0450,Individual,Matthew,Jackson,1992-02-19,M,Mexico,Nuevo Leon,Home,3,No,Website,31.865845311430526
C0451,Individual,Larry,Anderson,1985-09-20,M,Canada,Alberta,Investment,5,Yes,Client,38.280629705681044
C0452,Individual,Brandon,Adams,1967-10-17,M,USA,Washington,Home,3,No,Website,56.20807665982204
C0453,Individual,Carl,Wood,1993-04-16,M,UK,Scotland,Investment,1,No,Website,30.71047227926078
C0454,Company,Altira,Co,1961-04-01,F,USA,Nevada,Investment,4,No,Agency,62.75154004106776
C0455,Individual,Karen,Williams,1963-02-01,F,USA,California,Home,1,No,Agency,60.91444216290212
C0456,Individual,Virginia,Brooks,1995-11-18,F,USA,Oregon,Home,3,Yes,Website,28.12046543463381
C0457,Individual,Kenneth,Hansen,1980-07-19,M,UK,Wales,Investment,1,No,Agency,43.45242984257358
C0458,Individual,Thomas,Turner,1995-07-04,M,USA,Oregon,Investment,1,No,Agency,28.49555099247091
C0459,Individual,Steven,Johnson,1955-03-23,M,USA,California,Home,3,No,Agency,68.77754962354551
C0460,Individual,Amanda,Cox,1992-12-25,F,USA,Virginia,Home,1,No,Website,31.017111567419576
C0461,Individual,Jonathan,Peterson,1960-02-16,M,USA,Arizona,Home,1,No,Agency,63.87405886379192
C0462,Individual,Eric,White,1943-10-22,M,Australia,Victoria,Home,2,No,Agency,80.19438740588637
C0463,Individual,Nicholas,Garcia,1970-06-13,M,USA,California,Home,5,No,Client,53.5523613963039
C0464,Individual,Gregory,Turner,1974-12-11,M,USA,Florida,Home,5,No,Website,49.05681040383299
C0465,Individual,George,Carter,1949-09-02,M,USA,California,Home,3,No,Website,74.32991101984942
C0466,Individual,Patricia,Cox,1988-05-19,F,USA,Virginia,Investment,2,No,Website,35.619438740588635
C0467,Individual,Rebecca,Chavez,1952-04-05,F,USA,Ohio,Home,1,Yes,Agency,71.73990417522245
C0468,Individual,Raymond,Smith,1952-11-13,M,Mexico,Jalisco,Investment,3,Yes,Website,71.13210130047912
C0469,Individual,Adam,Foster,1997-03-23,M,USA,California,Home,2,No,Website,26.77618069815195
C0470,Individual,Joan,Anderson,1963-02-17,F,USA,Oregon,Home,1,No,Agency,60.87063655030801
C0471,Individual,Gary,Collins,1984-06-26,M,USA,Utah,Investment,3,No,Agency,39.51540041067762
C0472,Individual,Edward,Moore,1951-10-04,M,USA,California,Home,4,No,Website,72.24366872005476
C0473,Individual,Sharon,Price,1981-08-09,F,USA,California,Home,3,No,Agency,42.39561943874059
C0474,Individual,Gregory,Young,1995-12-08,M,USA,Nevada,Home,1,No,Website,28.06570841889117
C0475,Individual,William,Brooks,1946-08-18,M,Belgium,Wallonia,Investment,2,Yes,Agency,77.37166324435319
C0476,Individual,Steven,Johnson,1997-04-05,M,USA,Florida,Home,3,No,Agency,26.740588637919235
C0477,Individual,Jesse,Stone,1984-02-01,M,USA,California,Investment,4,Yes,Website,39.9151266255989
C0478,Individual,Ashley,Garcia,1940-08-02,F,USA,Ohio,Investment,4,No,Website,83.41409993155374
C0479,Individual,Virginia,Wright,1978-04-06,F,USA,California,Home,2,Yes,Agency,45.738535249828885
C0480,Individual,Scott,Bryant,1974-09-16,M,USA,California,Home,4,Yes,Website,49.29226557152635
C0481,Individual,Sean,Williams,1976-12-12,M,USA,Arizona,Home,3,No,Agency,47.05270362765229
C0482,Individual,Deborah,Brown,1980-10-08,F,USA,New York,Investment,3,Yes,Agency,43.23066392881588
C0483,Individual,Kevin,Jackson,1985-11-08,M,USA,Arizona,Investment,1,No,Website,38.14647501711157
C0484,Individual,Janet,Wright,1989-04-19,F,USA,Texas,Investment,3,No,Website,34.70225872689939
C0485,Individual,Julia,Morales,1991-10-07,F,USA,Arizona,Home,2,No,Website,32.23545516769336
C0486,Individual,Billy,Carter,1999-09-16,M,USA,California,Investment,2,Yes,Website,24.292950034223136
C0487,Individual,Jessica,Williams,1991-10-23,F,USA,Washington,Home,5,No,Website,32.19164955509925
C0488,Individual,Megan,Jackson,1979-05-11,F,USA,California,Investment,4,No,Agency,44.643394934976044
C0489,Individual,Austin,Jordan,1950-06-08,M,Germany,Berlin,Investment,2,No,Website,73.56605065023956
C0490,Individual,Emily,Wright,1954-01-23,F,USA,Nevada,Investment,5,Yes,Website,69.93839835728953
C0491,Individual,Noah,White,1941-08-05,M,USA,Washington,Home,2,No,Website,82.40657084188912
C0492,Individual,Raymond,Price,2000-05-07,M,USA,Utah,Home,3,Yes,Website,23.652292950034223
C0493,Individual,Tyler,Hughes,1954-07-06,M,USA,Colorado,Home,3,No,Website,69.48939082819986
C0494,Individual,Grace,Carter,1990-08-03,F,USA,California,Home,3,Yes,Website,33.412731006160165
C0495,Individual,Jerry,Hall,1954-02-18,M,USA,California,Investment,5,No,Client,69.8672142368241
C0496,Individual,Billy,Reyes,1990-01-04,M,USA,California,Home,4,No,Agency,33.99041752224504
C0497,Individual,Emma,Stewart,1985-02-02,F,USA,Arizona,Investment,4,Yes,Website,38.91033538672142
C0498,Individual,Nancy,Collins,1948-11-21,F,Canada,Alberta,Home,2,Yes,Website,75.11019849418207
C0499,Individual,Lisa,Patterson,1946-02-10,F,USA,Colorado,Home,3,Yes,Agency,77.88911704312115
C0500,Individual,Dennis,Howard,1977-03-15,M,USA,California,Home,4,Yes,Website,46.79808350444901
C0501,Individual,Kenneth,Jackson,1995-11-12,M,USA,Nevada,Investment,5,Yes,Agency,28.136892539356605
C0502,Individual,Madison,Gray,1966-11-28,F,USA,Arizona,Home,4,No,Website,57.09240246406571
C0503,Individual,Keith,Peterson,1943-09-26,M,USA,Utah,Investment,2,Yes,Client,80.26557152635182
C0504,Individual,Jeffrey,Green,1992-01-14,M,USA,Utah,Home,2,No,Website,31.964407939767284
C0505,Individual,Katherine,Wilson,1995-07-18,F,USA,Arizona,Home,3,No,Agency,28.45722108145106
C0506,Individual,Albert,Stone,1967-07-04,M,USA,California,Home,5,No,Agency,56.49555099247091
C0507,Individual,Mark,Morales,1951-02-26,M,USA,New York,Home,3,No,Website,72.84599589322382
C0508,Individual,Grace,Weaver,1970-01-06,F,USA,Nevada,Home,5,No,Agency,53.98494182067078
C0509,Individual,Aaron,Cook,1956-04-02,M,Belgium,Wallonia,Home,3,No,Website,67.74811772758385
C0510,Individual,Samantha,Evans,1947-08-28,F,France,Brittany,Investment,1,Yes,Website,76.34496919917865
C0511,Individual,Christine,Parker,1954-07-20,F,UK,England,Home,2,No,Website,69.45106091718002
C0512,Individual,Hannah,Flores,1945-06-27,F,USA,Arizona,Home,1,No,Client,78.51334702258727
C0513,Individual,Christian,Morales,1999-03-07,M,USA,Florida,Home,2,Yes,Agency,24.82135523613963
C0514,Individual,Rebecca,Evans,1977-08-17,F,USA,Oregon,Home,1,Yes,Website,46.37371663244353
C0515,Individual,Melissa,Patterson,1963-09-12,F,USA,California,Home,1,Yes,Website,60.303901437371664
C0516,Individual,Lawrence,Nelson,1946-04-21,M,USA,Utah,Home,3,No,Website,77.6974674880219
C0517,Individual,Harold,Thompson,1959-03-20,M,USA,California,Home,5,No,Client,64.78576317590691
C0518,Company,Lumina,Co,1962-05-22,F,USA,New York,Home,3,No,Website,61.61259411362081
C0519,Individual,Madison,Freeman,1975-10-04,F,USA,Arizona,Investment,3,No,Agency,48.24366872005476
C0520,Individual,Helen,White,1970-02-11,F,USA,Oregon,Home,3,Yes,Agency,53.88637919233402
C0521,Individual,Stephanie,Allen,1967-04-02,F,Canada,British Columbia,Home,3,No,Website,56.7501711156742
C0522,Individual,Nicole,Campbell,1942-07-13,F,USA,Virginia,Home,5,No,Agency,81.47022587268994
C0523,Individual,Cynthia,Hansen,1960-08-22,F,USA,Colorado,Home,2,No,Agency,63.35934291581109
C0524,Individual,Harold,Thompson,1953-05-24,M,USA,Washington,Home,3,No,Website,70.60643394934976
C0525,Individual,Frank,Gray,1950-06-12,M,USA,Arizona,Home,4,Yes,Agency,73.55509924709104
C0526,Individual,Harold,Green,1968-02-28,M,Germany,Bavaria,Home,5,No,Website,55.841204654346335
C0527,Individual,Andrew,Baker,1979-07-19,M,USA,California,Home,2,No,Website,44.45448323066393
C0528,Individual,Benjamin,Davis,2000-08-09,M,USA,Washington,Investment,2,No,Client,23.394934976043807
C0529,Individual,Paul,Jordan,1973-11-14,M,USA,Nevada,Home,4,Yes,Website,50.130047912388775
C0530,Individual,Patricia,Reed,1952-09-07,F,USA,Utah,Home,2,Yes,Agency,71.31553730321697
C0531,Individual,Emily,White,1976-09-19,F,USA,California,Home,1,No,Website,47.28268309377139
C0532,Individual,Lauren,Moore,1979-08-12,F,Belgium,Flanders,Home,2,No,Website,44.388774811772755
C0533,Individual,Jeffrey,Williams,1963-09-06,M,USA,Nevada,Investment,1,No,Agency,60.32032854209446
C0534,Individual,Bryan,Miller,1958-02-21,M,USA,California,Investment,1,No,Agency,65.8590006844627
C0535,Individual,Judith,Allen,1987-12-22,F,UK,Wales,Home,3,No,Agency,36.02737850787132
C0536,Individual,Brittany,Weaver,1956-03-14,F,USA,Arizona,Investment,5,Yes,Website,67.80013689253936
C0537,Individual,Carl,Baker,1962-04-25,M,USA,Florida,Home,2,No,Client,61.686516084873375
C0538,Individual,Richard,Pierce,1969-04-23,M,USA,California,Home,1,Yes,Agency,54.691307323750856
C0539,Individual,Lawrence,Bryant,1991-02-25,M,USA,California,Investment,1,Yes,Agency,32.84873374401095
C0540,Individual,Anna,Long,1997-02-27,F,USA,New York,Home,3,No,Agency,26.84188911704312
C0541,Individual,Anthony,Garcia,2000-03-22,M,UK,Northern Ireland,Home,3,No,Agency,23.7782340862423
C0542,Company,Lumina,Co,1985-09-26,M,Mexico,Mexico City,Home,3,No,Website,38.26420260095825
C0543,Individual,Joan,Parker,1947-07-23,F,USA,Texas,Home,2,Yes,Website,76.4435318275154
C0544,Individual,Kevin,White,1974-10-16,M,USA,Utah,Home,2,No,Website,49.210130047912386
C0545,Individual,Paul,Griffin,1942-08-04,M,USA,Colorado,Home,1,Yes,Agency,81.40999315537303
C0546,Individual,Samuel,Flores,1967-12-23,M,Canada,Manitoba,Home,4,No,Client,56.02464065708419
C0547,Individual,Diane,Allen,1947-09-20,F,USA,California,Investment,2,No,Agency,76.2819986310746
C0548,Individual,Christopher,Foster,1980-04-11,M,USA,California,Home,2,No,Agency,43.723477070499655
C0549,Individual,Daniel,Sanders,1972-10-15,M,USA,Florida,Home,4,No,Website,51.21149897330596
C0550,Company,Vertex,Co,1967-04-09,F,USA,Nevada,Home,1,No,Agency,56.73100616016427
C0551,Individual,Billy,Freeman,1960-05-17,M,USA,California,Investment,4,No,Website,63.624914442162904
C0552,Individual,Kyle,Cook,1965-10-20,M,USA,Virginia,Investment,3,No,Agency,58.19849418206708
C0553,Individual,James,Bell,1978-11-26,M,USA,Arizona,Home,3,No,Website,45.097878165639976
C0554,Individual,Carl,Moore,1948-12-24,M,Australia,Victoria,Home,1,Yes,Agency,75.0198494182067
C0555,Individual,Aaron,Nelson,1971-04-23,M,USA,California,Investment,4,Yes,Agency,52.69267624914442
C0556,Individual,Zachary,Sanders,1958-10-17,M,USA,Colorado,Home,5,No,Website,65.20739219712526
C0557,Individual,Judy,Griffin,1941-09-25,F,USA,Utah,Investment,2,No,Website,82.26694045174538
C0558,Individual,Cheryl,Wood,1974-10-23,F,Denmark,North Denmark,Home,3,No,Website,49.190965092402465
C0559,Company,Corvus,Co,1969-08-18,M,USA,California,Home,5,No,Client,54.3709787816564
C0560,Individual,Janice,Nelson,1988-04-20,F,Australia,South Australia,Home,3,No,Website,35.69883641341547
C0561,Company,Bravada,Co,1962-11-20,F,USA,Arizona,Investment,3,No,Website,61.11430527036276
C0562,Individual,Judy,Peterson,1940-11-23,F,USA,Utah,Investment,5,Yes,Website,83.1047227926078
C0563,Individual,William,Howard,1991-01-22,M,USA,California,Home,2,Yes,Agency,32.941820670773446
C0564,Individual,Scott,Adams,1952-09-02,M,USA,Texas,Home,1,No,Agency,71.32922655715264
C0565,Individual,Austin,Wood,1985-09-26,M,France,Brittany,Home,1,No,Website,38.26420260095825
C0566,Individual,Janice,Miller,2000-12-09,F,USA,Oregon,Investment,4,Yes,Agency,23.06091718001369
C0567,Individual,Megan,Chavez,1953-10-07,F,Russia,Saint Petersburg,Investment,2,Yes,Agency,70.2340862422998
C0568,Individual,Timothy,Wright,1953-09-04,M,USA,California,Home,3,No,Website,70.32443531827515
C0569,Individual,Mary,Cook,1971-12-05,F,USA,California,Home,5,Yes,Client,52.07392197125257
C0570,Individual,Hannah,Peterson,1965-06-03,F,France,Occitanie,Home,5,Yes,Website,58.57905544147844
C0571,Individual,Adam,Chavez,1966-07-03,M,USA,California,Home,3,No,Website,57.497604380561256
C0572,Individual,Ann,Johnson,1993-11-12,F,USA,California,Investment,5,No,Website,30.135523613963038
C0573,Company,Altira,Co,1977-04-24,M,USA,Georgia,Home,4,Yes,Agency,46.68856947296372
C0574,Individual,Gerald,Cox,1968-09-15,M,USA,California,Home,2,No,Agency,55.29363449691992
C0575,Individual,Brian,Hansen,1966-01-21,M,USA,California,Investment,2,No,Website,57.94387405886379
C0576,Individual,Terry,Reyes,1959-02-24,M,Germany,Hamburg,Home,1,No,Client,64.85147159479808
C0577,Individual,Christopher,Miller,1989-05-18,M,USA,Arizona,Home,3,No,Website,34.62286105407255
C0578,Individual,Lauren,Rogers,1999-07-22,F,USA,Arizona,Home,5,Yes,Client,24.44626967830253
C0579,Individual,Christopher,Ward,1941-09-04,M,USA,Texas,Investment,3,No,Website,82.32443531827515
C0580,Individual,Heather,Watson,1948-11-01,F,USA,California,Home,2,Yes,Client,75.16495550992471
C0581,Individual,Kimberly,Stewart,1957-12-21,F,USA,California,Investment,5,Yes,Website,66.02874743326488
C0582,Individual,Teresa,Pierce,1940-02-10,F,USA,Washington,Investment,3,Yes,Website,83.89048596851471
C0583,Individual,Kevin,Scott,1986-10-27,M,USA,California,Home,2,No,Agency,37.18001368925393
C0584,Individual,Janice,Taylor,1982-11-03,F,USA,California,Home,5,No,Website,41.16084873374401
C0585,Individual,Anthony,Edwards,1961-02-07,M,USA,Colorado,Home,3,No,Agency,62.89664613278576
C0586,Individual,Noah,Morales,1977-06-14,M,USA,California,Home,2,Yes,Client,46.548939082819984
C0587,Individual,Pamela,Richardson,1992-11-24,F,USA,New York,Home,4,No,Website,31.10198494182067
C0588,Individual,Janice,White,1989-11-20,F,USA,Florida,Home,2,No,Website,34.11362080766598
C0589,Individual,Christopher,Williams,1946-09-21,M,USA,Texas,Investment,5,No,Client,77.27857631759069
C0590,Individual,Arthur,Campbell,1966-09-16,M,UK,Scotland,Investment,2,No,Website,57.29226557152635
C0591,Individual,Dorothy,Long,1968-09-03,F,USA,Nevada,Home,1,No,Website,55.3264887063655
C0592,Individual,Roger,Moore,1972-03-06,M,USA,Arizona,Investment,2,No,Client,51.82203969883641
C0593,Individual,Elizabeth,Carter,1952-08-08,F,USA,California,Home,2,Yes,Agency,71.39767282683094
C0594,Individual,Diane,Patterson,1942-08-02,F,USA,Utah,Home,1,No,Agency,81.4154688569473
C0595,Individual,Anna,Murray,1966-10-06,F,USA,Utah,Home,3,No,Agency,57.23750855578371
C0596,Individual,Gerald,Phillips,1976-04-17,M,USA,Nevada,Home,4,No,Agency,47.70704996577687
C0597,Individual,Peter,King,1986-02-17,M,UK,Northern Ireland,Home,2,Yes,Website,37.869952087611225
C0598,Individual,Jacob,Gray,1949-06-24,M,USA,Colorado,Investment,4,No,Website,74.52156057494867
C0599,Individual,Jennifer,Turner,1998-03-19,F,Canada,Alberta,Home,2,No,Agency,25.78781656399726
C0600,Individual,Thomas,King,1984-03-17,M,USA,Oregon,Investment,1,No,Client,39.79192334017796
C0601,Individual,Lisa,Nelson,1972-10-16,F,USA,California,Home,4,No,Website,51.20876112251882
C0602,Individual,Albert,Hayes,1984-03-24,M,Germany,Bavaria,Home,4,No,Agency,39.77275838466804
C0603,Individual,Diane,Thompson,1994-01-07,F,USA,New York,Home,4,Yes,Agency,29.982203969883642
C0604,Individual,Danielle,Montgomery,1998-09-17,F,Belgium,Wallonia,Home,1,No,Agency,25.28952772073922
C0605,Individual,Nathan,Flores,1974-06-28,M,USA,Utah,Home,4,Yes,Agency,49.51129363449692
C0606,Individual,Carolyn,Stone,1949-12-25,F,France,Ile-de-France,Investment,1,No,Website,74.01779603011636
C0607,Individual,Daniel,Edwards,1962-09-14,M,USA,California,Home,1,No,Agency,61.29774127310061
C0608,Individual,Jerry,Adams,1956-06-14,M,USA,California,Home,4,No,Agency,67.5482546201232
C0609,Individual,Julia,Richardson,1961-05-22,F,USA,Washington,Home,4,No,Agency,62.61190965092403
C0610,Individual,Ann,Owens,1970-05-10,F,USA,California,Investment,4,No,Website,53.64544832306639
C0611,Individual,Jacob,Price,1950-12-06,M,USA,California,Home,4,No,Agency,73.07049965776865
C0612,Individual,Kevin,Wood,1960-01-26,M,USA,Florida,Home,4,No,Agency,63.931553730321696
C0613,Individual,Cynthia,Cox,1995-10-02,F,Australia,Victoria,Home,4,No,Agency,28.249144421629023
C0614,Individual,George,Bryant,1972-01-07,M,UK,Wales,Home,3,Yes,Website,51.983572895277206
C0615,Individual,Jordan,King,1957-01-12,M,USA,Utah,Home,2,Yes,Website,66.9678302532512
C0616,Individual,Julie,Brooks,1963-04-17,F,USA,Virginia,Investment,1,Yes,Agency,60.709103353867214
C0617,Individual,Carolyn,Evans,1986-10-07,F,USA,Ohio,Home,5,Yes,Website,37.23477070499658
C0618,Individual,Austin,Taylor,1968-05-11,M,USA,Texas,Home,3,No,Agency,55.6413415468857
C0619,Individual,Heather,Morales,1970-04-25,F,USA,Washington,Home,4,No,Website,53.686516084873375
C0620,Individual,Sarah,Howard,1960-04-22,F,France,Brittany,Home,3,No,Website,63.6933607118412
C0621,Individual,Jonathan,Turner,1982-02-13,M,Germany,Bavaria,Investment,3,Yes,Agency,41.880903490759756
C0622,Individual,Katherine,Ward,1987-10-09,F,USA,Washington,Investment,2,No,Client,36.2299794661191
C0623,Individual,Jonathan,Adams,1986-04-27,M,USA,Florida,Investment,3,Yes,Client,37.68104038329911
C0624,Individual,Carl,Jordan,2000-09-02,M,USA,Nevada,Investment,3,No,Agency,23.329226557152634
C0625,Individual,Deborah,Hayes,1983-07-08,F,Belgium,Flanders,Investment,2,Yes,Agency,40.48459958932238
C0626,Individual,Sara,Jones,1968-06-13,F,Germany,Hamburg,Investment,2,No,Website,55.55099247091034
C0627,Individual,Katherine,Johnson,2000-11-07,F,USA,Arizona,Home,3,No,Agency,23.148528405201915
C0628,Individual,Arthur,Campbell,1985-05-16,M,Canada,British Columbia,Home,3,Yes,Agency,38.62833675564682
C0629,Individual,Maria,Richardson,1946-07-09,F,USA,California,Investment,2,No,Agency,77.48117727583846
C0630,Individual,Stephen,Roberts,1965-07-28,M,USA,California,Home,2,No,Website,58.42847364818618
C0631,Individual,Dorothy,Flores,1966-12-11,F,USA,California,Home,5,No,Website,57.05681040383299
C0632,Individual,Thomas,Nelson,1948-05-16,M,UK,Northern Ireland,Home,4,No,Website,75.62765229295003
C0633,Individual,Ann,Owens,1941-05-12,F,USA,Nevada,Home,3,No,Agency,82.63928815879535
C0634,Individual,Justin,Ward,1980-11-17,M,USA,Washington,Investment,4,Yes,Website,43.121149897330596
C0635,Individual,Kimberly,King,1960-06-14,F,UK,Scotland,Investment,5,No,Website,63.5482546201232
C0636,Individual,Kathleen,Rogers,1980-11-10,F,France,Brittany,Home,5,No,Website,43.14031485284052
C0637,Individual,Catherine,Stone,1967-08-14,F,USA,California,Home,2,No,Website,56.38329911019849
C0638,Individual,Jason,King,1975-02-04,M,USA,Ohio,Home,5,Yes,Website,48.90622861054072
C0639,Individual,Mark,Campbell,1961-03-03,M,UK,Scotland,Home,3,Yes,Website,62.83093771389459
C0640,Individual,Emily,Thompson,1967-03-01,F,USA,Utah,Home,3,No,Agency,56.837782340862425
C0641,Company,Zynex,Co,1994-02-26,M,USA,Arizona,Home,2,No,Agency,29.845311430527037
C0642,Individual,Julia,Reyes,1967-11-21,F,USA,California,Home,4,No,Website,56.11225188227242
C0643,Individual,Samantha,Richardson,1974-05-05,F,USA,California,Home,5,No,Website,49.659137577002056
C0644,Individual,Teresa,Johnson,1956-08-25,F,USA,California,Home,4,Yes,Agency,67.35112936344969
C0645,Individual,Arthur,Cox,1988-07-18,M,USA,Nevada,Home,2,No,Client,35.455167693360714
C0646,Individual,Cynthia,Campbell,1995-07-21,F,USA,Arizona,Investment,5,No,Agency,28.449007529089666
C0647,Individual,Victoria,Green,1946-02-06,F,USA,California,Home,4,No,Agency,77.90006844626969
C0648,Individual,Stephanie,Reed,1999-03-02,F,USA,California,Home,1,Yes,Website,24.83504449007529
C0649,Individual,Patricia,Mitchell,1995-03-01,F,USA,California,Home,4,No,Agency,28.83778234086242
C0650,Company,Polaris,Co,1976-02-19,M,France,Occitanie,Home,3,Yes,Client,47.865845311430526
C0651,Company,Horizon,Co,1993-01-14,M,USA,Washington,Home,1,No,Agency,30.962354551676935
C0652,Individual,Heather,Johnson,1993-12-08,F,USA,Washington,Home,2,No,Website,30.064339493497606
C0653,Individual,Gerald,Adams,1970-07-22,M,USA,Ohio,Home,2,No,Client,53.445585215605746
C0654,Individual,Eric,Griffin,1960-05-07,M,USA,New York,Home,2,Yes,Website,63.65229295003422
C0655,Individual,Patricia,King,1950-05-19,F,USA,Nevada,Home,1,Yes,Agency,73.6208076659822
C0656,Individual,Amber,Allen,1977-02-08,F,USA,Colorado,Home,5,No,Client,46.893908281998634
C0657,Individual,Alexander,Allen,1956-09-26,M,USA,California,Home,2,No,Agency,67.26351813826146
C0658,Individual,Kelly,Green,1999-12-13,F,USA,Virginia,Home,3,Yes,Agency,24.05201916495551
C0659,Individual,Sara,Foster,1988-10-06,F,USA,California,Home,4,Yes,Agency,35.23613963039014
C0660,Individual,Charles,Kim,1991-08-10,M,USA,Arizona,Home,4,Yes,Client,32.394250513347025
C0661,Individual,Deborah,Williams,1961-06-25,F,Canada,Manitoba,Home,3,No,Website,62.51882272416153
C0662,Individual,Stephanie,Kim,1957-08-25,F,USA,California,Investment,3,No,Website,66.35181382614647
C0663,Individual,Anthony,Flores,1958-02-02,M,USA,California,Home,2,Yes,Agency,65.91101984941821
C0664,Individual,Lawrence,Wood,1958-08-17,M,Canada,Alberta,Investment,5,Yes,Website,65.37440109514031
C0665,Individual,Robert,Adams,1959-08-27,M,USA,Colorado,Investment,1,No,Agency,64.34770704996578
C0666,Individual,Maria,Davis,1948-10-09,F,USA,California,Investment,1,No,Website,75.22792607802874
C0667,Individual,Anthony,Mitchell,1966-07-07,M,USA,Arizona,Investment,2,No,Agency,57.48665297741273
C0668,Individual,Margaret,Peterson,1978-11-15,F,France,Ile-de-France,Investment,4,Yes,Website,45.12799452429842
C0669,Individual,Cheryl,Bell,1958-03-18,F,Canada,British Columbia,Home,3,No,Agency,65.7905544147844
C0670,Company,Altira,Co,1976-06-18,M,USA,Nevada,Investment,4,No,Website,47.53730321697468
C0671,Individual,Jerry,Pierce,1941-12-09,M,USA,Colorado,Home,4,Yes,Client,82.06160164271047
C0672,Individual,Amber,Williams,1967-03-10,F,USA,California,Home,2,No,Website,56.813141683778234
C0673,Individual,Janice,Hayes,1965-10-19,F,USA,California,Home,4,No,Website,58.20123203285421
C0674,Individual,Judy,Turner,1986-05-26,F,USA,California,Investment,4,No,Website,37.60164271047228
C0675,Individual,Andrea,Wright,1969-12-23,F,USA,Texas,Home,5,No,Website,54.02327173169062
C0676,Individual,Lisa,Davis,1942-06-12,F,USA,Nevada,Home,2,No,Agency,81.55509924709104
C0677,Individual,Jerry,Miller,1981-09-02,M,USA,Arizona,Investment,2,No,Agency,42.32991101984942
C0678,Individual,Joseph,Watson,1972-10-19,M,USA,California,Home,4,Yes,Website,51.200547570157426
C0679,Individual,Lisa,Patterson,1964-12-02,F,USA,Nevada,Home,1,No,Agency,59.08008213552361
C0680,Individual,Andrew,Griffin,1965-04-16,M,USA,Utah,Investment,2,No,Agency,58.71047227926078
C0681,Company,Helios,Co,1977-04-25,F,USA,California,Home,3,No,Agency,46.68583162217659
C0682,Individual,Donald,Bennett,1973-06-12,M,USA,California,Home,5,No,Website,50.554414784394254
C0683,Individual,Patrick,Jordan,1948-08-20,M,USA,Colorado,Home,2,Yes,Agency,75.36481861738535
C0684,Individual,Donald,Miller,1985-10-05,M,USA,California,Home,1,No,Agency,38.23956194387406
C0685,Individual,Sharon,Hansen,1987-04-18,F,USA,Washington,Home,5,No,Agency,36.70636550308008
C0686,Individual,Michael,Howard,1963-11-17,M,USA,California,Home,1,Yes,Website,60.12320328542094
C0687,Individual,Susan,Long,1959-01-03,F,USA,Utah,Home,3,Yes,Website,64.99383983572895
C0688,Individual,Kathleen,Howard,1968-12-04,F,USA,Colorado,Investment,5,Yes,Website,55.07460643394935
C0689,Individual,Ann,Williams,1998-04-17,F,USA,California,Home,4,No,Website,25.70841889117043
C0690,Individual,Janet,Stewart,1985-09-09,F,USA,Oregon,Home,4,Yes,Agency,38.31074606433949
C0691,Individual,Kenneth,Bell,1943-07-22,M,USA,California,Investment,4,No,Agency,80.44626967830253
C0692,Individual,Adam,Roberts,1964-03-14,M,USA,Georgia,Investment,3,No,Agency,59.800136892539356
C0693,Individual,Jesse,Chavez,1957-04-28,M,USA,California,Investment,5,Yes,Agency,66.6776180698152
C0694,Company,Sterling,Co,1989-07-13,M,UK,Scotland,Investment,2,No,Website,34.469541409993155
C0695,Individual,Timothy,Rogers,1947-03-24,M,USA,Washington,Home,4,No,Website,76.77481177275838
C0696,Individual,Carol,Green,1994-03-06,F,USA,Washington,Investment,5,Yes,Agency,29.82340862422998
C0697,Individual,Bryan,Mitchell,1986-11-01,M,USA,California,Investment,4,Yes,Agency,37.16632443531827
C0698,Individual,Maria,Scott,1946-07-16,F,USA,California,Home,2,Yes,Website,77.46201232032854
C0699,Individual,Stephen,Bennett,1986-12-22,M,USA,Washington,Home,1,Yes,Agency,37.02669404517454
C0700,Individual,Christine,Sanders,1944-04-14,F,USA,Washington,Home,5,No,Website,79.71526351813826
C0701,Individual,Danielle,Peterson,1962-09-17,F,UK,England,Investment,1,No,Website,61.28952772073922
C0702,Individual,Nicholas,Flores,1966-07-24,M,USA,Arizona,Home,5,No,Agency,57.440109514031484
C0703,Company,Elara,Co,1984-05-15,M,USA,Colorado,Home,3,No,Website,39.630390143737166
C0704,Individual,Nicole,Jordan,1942-01-23,F,USA,Georgia,Home,4,No,Agency,81.93839835728953
C0705,Individual,Timothy,Murray,1940-12-18,M,USA,Nevada,Home,3,No,Website,83.0362765229295
C0706,Individual,Kyle,Thomas,1984-06-23,M,UK,England,Investment,2,No,Client,39.52361396303901
C0707,Individual,Zachary,Richardson,1995-09-23,M,USA,Virginia,Home,5,Yes,Website,28.27378507871321
C0708,Individual,Brian,Cook,1964-11-28,M,USA,California,Home,2,No,Client,59.09103353867214
C0709,Individual,Samantha,Price,1982-11-06,F,USA,Georgia,Home,2,Yes,Agency,41.152635181382614
C0710,Individual,Kyle,Bryant,1946-08-18,M,USA,Oregon,Home,2,Yes,Agency,77.37166324435319
C0711,Individual,Victoria,Hughes,1995-10-20,F,USA,California,Investment,3,No,Agency,28.199863107460644
C0712,Individual,Joseph,Scott,1991-01-21,M,USA,California,Home,1,No,Agency,32.94455852156057
C0713,Individual,Debra,Thomas,1997-02-14,F,USA,California,Investment,3,No,Agency,26.87748117727584
C0714,Individual,Kyle,Murray,1977-01-03,M,Russia,Saint Petersburg,Home,3,No,Website,46.992470910335385
C0715,Individual,Janice,Wilson,1982-08-05,F,USA,Utah,Home,3,No,Website,41.4072553045859
C0716,Individual,Jordan,Davis,1994-10-24,M,UK,Northern Ireland,Home,1,No,Client,29.188227241615333
C0717,Individual,Virginia,Weaver,1946-06-09,F,USA,Arizona,Investment,3,Yes,Agency,77.56331279945243
C0718,Individual,Martha,Scott,1944-10-08,F,France,Ile-de-France,Home,2,Yes,Website,79.23066392881589
C0719,Individual,Jason,Jordan,1974-07-02,M,USA,California,Investment,2,Yes,Agency,49.50034223134839
C0720,Individual,Shirley,Wilson,1981-05-17,F,USA,California,Investment,1,Yes,Agency,42.625598904859686
C0721,Individual,Julia,Jordan,1999-03-07,F,USA,Florida,Home,4,No,Website,24.82135523613963
C0722,Individual,Carol,Sanders,1943-09-11,F,USA,Texas,Home,1,No,Website,80.30663928815879
C0723,Individual,Ann,Hansen,1999-04-19,F,Germany,North Rhine-Westphalia,Home,3,Yes,Website,24.70362765229295
C0724,Individual,Samuel,Howard,1960-09-27,M,USA,Arizona,Investment,4,Yes,Agency,63.26078028747433
C0725,Individual,Katherine,Jones,1983-07-03,F,USA,New York,Home,3,No,Website,40.498288843258045
C0726,Individual,Melissa,Harris,1977-01-25,F,USA,Georgia,Home,4,No,Website,46.93223819301848
C0727,Individual,Ronald,Bell,1941-08-24,M,USA,California,Investment,3,Yes,Client,82.35455167693361
C0728,Individual,Jason,Jones,1971-07-23,M,USA,California,Home,3,Yes,Agency,52.4435318275154
C0729,Individual,Raymond,Long,1944-01-04,M,USA,Washington,Investment,3,Yes,Agency,79.9917864476386
C0730,Individual,Gregory,Baker,1988-05-09,M,USA,California,Investment,4,No,Website,35.64681724845996
C0731,Individual,Larry,Harris,2000-10-18,M,USA,California,Home,5,No,Agency,23.20328542094456
C0732,Individual,Justin,Peterson,1985-03-03,M,USA,Oregon,Home,5,No,Website,38.83093771389459
C0733,Individual,Susan,White,1976-01-03,F,USA,Nevada,Home,5,No,Agency,47.99452429842574
C0734,Individual,Danielle,Ward,1981-06-27,F,USA,Virginia,Investment,5,Yes,Client,42.51334702258727
C0735,Individual,Matthew,Long,1994-08-10,M,Germany,Hesse,Investment,4,No,Website,29.39356605065024
C0736,Individual,Jordan,Campbell,1942-06-13,M,USA,Utah,Investment,3,No,Agency,81.55236139630391
C0737,Individual,Harold,Harris,1978-08-15,M,USA,California,Investment,3,No,Agency,45.379876796714576
C0738,Individual,Jose,White,1980-09-21,M,USA,Texas,Home,5,No,Website,43.27720739219713
C0739,Individual,Albert,Turner,1965-03-16,M,USA,California,Home,2,No,Agency,58.795345653661876
C0740,Individual,Julia,Bell,1966-12-08,F,USA,Utah,Investment,1,No,Client,57.06502395619439
C0741,Individual,Sandra,Stone,1962-08-11,F,USA,California,Home,2,No,Website,61.39082819986311
C0742,Individual,Bryan,Howard,1980-08-21,M,UK,Wales,Home,1,Yes,Website,43.36208076659822
C0743,Individual,Joshua,Allen,1972-09-10,M,USA,Oregon,Investment,4,Yes,Website,51.30732375085558
C0744,Individual,Helen,Morales,1950-11-10,F,USA,Virginia,Home,1,No,Website,73.14168377823408
C0745,Individual,Emily,Collins,1997-06-18,F,USA,California,Investment,5,No,Website,26.537987679671456
C0746,Individual,Gary,Reyes,1956-10-13,M,UK,Scotland,Home,4,No,Website,67.21697467488022
C0747,Individual,George,Patterson,1992-04-18,M,USA,Florida,Home,4,Yes,Website,31.704312114989733
C0748,Company,Vantage,Co,1974-03-05,F,USA,California,Home,1,Yes,Client,49.82614647501711
C0749,Individual,Dorothy,Anderson,1992-11-26,F,USA,New York,Home,5,No,Agency,31.096509240246405
C0750,Individual,Janice,Price,1976-06-08,F,USA,Nevada,Investment,1,No,Agency,47.564681724846
C0751,Individual,Keith,Parker,1974-09-19,M,USA,California,Home,5,No,Client,49.28405201916495
C0752,Individual,Lisa,Young,1954-12-17,F,Belgium,Brussels,Investment,3,No,Agency,69.0403832991102
C0753,Individual,Nicholas,Patterson,1960-12-22,M,Germany,Hamburg,Home,5,No,Website,63.02532511978097
C0754,Individual,Teresa,Johnson,1970-08-17,F,USA,Arizona,Investment,3,No,Website,53.374401095140314
C0755,Company,Celera,Co,1967-12-23,F,USA,California,Home,5,No,Website,56.02464065708419
C0756,Individual,Jessica,Patterson,1963-03-19,F,USA,Utah,Home,5,Yes,Website,60.78850102669404
C0757,Individual,Keith,Taylor,1946-05-09,M,USA,Oregon,Home,3,Yes,Website,77.64818617385353
C0758,Individual,Joe,Allen,1958-08-12,M,USA,California,Investment,2,No,Website,65.38809034907598
C0759,Individual,Samuel,Anderson,1991-10-27,M,USA,Florida,Home,4,No,Website,32.18069815195072
C0760,Individual,Amanda,Adams,1964-12-27,F,USA,California,Investment,3,No,Website,59.011635865845314
C0761,Individual,Joyce,Patterson,1981-08-24,F,Belgium,Flanders,Home,2,No,Agency,42.35455167693361
C0762,Individual,Anna,Young,1967-07-01,F,USA,Ohio,Home,4,No,Website,56.50376454483231
C0763,Company,Summit,Co,1971-07-18,F,USA,Georgia,Home,3,No,Agency,52.45722108145106
C0764,Individual,Debra,Parker,1983-02-09,F,UK,Northern Ireland,Investment,4,No,Client,40.89253935660506
C0765,Individual,Joe,Green,1967-06-22,M,France,Brittany,Home,3,No,Website,56.5284052019165
C0766,Individual,Robert,Bennett,1994-09-04,M,Germany,North Rhine-Westphalia,Home,3,Yes,Client,29.32511978097194
C0767,Individual,David,Brown,1961-02-02,M,Canada,British Columbia,Investment,2,No,Agency,62.91033538672142
C0768,Individual,Matthew,Weaver,1992-07-22,M,Denmark,Southern Denmark,Investment,5,Yes,Website,31.444216290212182
C0769,Individual,Nicole,Long,1958-02-21,F,USA,Ohio,Home,4,No,Agency,65.8590006844627
C0770,Individual,Shirley,Hall,1951-02-09,F,Russia,Krasnodar Krai,Home,4,No,Website,72.89253935660507
C0771,Company,Quasar,Co,1984-06-09,M,USA,California,Home,1,No,Website,39.56194387405886
C0772,Individual,Ethan,White,1991-09-25,M,USA,California,Investment,1,No,Client,32.26830937713895
C0773,Individual,Christopher,Taylor,1964-12-09,M,Russia,Saint Petersburg,Home,1,No,Website,59.06091718001369
C0774,Individual,David,Wood,1983-03-23,M,USA,Georgia,Home,5,Yes,Agency,40.77754962354552
C0775,Individual,Andrea,Reyes,1975-12-25,F,USA,Arizona,Home,1,No,Agency,48.01916495550992
C0776,Individual,Ashley,Morales,1966-06-11,F,Germany,Bavaria,Home,4,Yes,Agency,57.55783709787816
C0777,Company,Meridian,Co,1982-05-15,M,USA,Arizona,Home,1,No,Client,41.63175906913073
C0778,Individual,George,Pierce,1998-07-22,M,USA,California,Investment,4,Yes,Agency,25.44558521560575
C0779,Individual,Lisa,Hughes,1953-04-05,F,USA,California,Home,5,Yes,Agency,70.74058863791923
C0780,Individual,Martha,Hansen,1947-08-01,F,USA,California,Home,3,No,Website,76.41889117043121
C0781,Individual,Gerald,Sanders,1940-11-28,M,USA,California,Investment,5,Yes,Website,83.09103353867214
C0782,Individual,Ethan,Williams,1970-10-02,M,USA,Utah,Investment,2,Yes,Website,53.24845995893224
C0783,Individual,Betty,Sanders,1961-03-27,F,Canada,Alberta,Home,1,Yes,Agency,62.76522929500342
C0784,Individual,Charles,Baker,1973-06-26,M,Mexico,Baja California,Investment,4,No,Website,50.5160848733744
C0785,Company,Rexon,Co,1971-03-27,F,USA,California,Home,2,No,Website,52.766598220396986
C0786,Individual,Sarah,Martin,1983-03-25,F,USA,California,Investment,3,No,Website,40.772073921971256
C0787,Individual,Andrew,Jackson,1950-11-20,M,USA,Washington,Home,1,No,Website,73.11430527036276
C0788,Individual,Matthew,Stone,1944-05-14,M,France,Brittany,Investment,4,No,Website,79.6331279945243
C0789,Individual,Madison,Price,1974-04-06,F,Canada,Ontario,Investment,1,No,Website,49.738535249828885
C0790,Individual,Brandon,Cooper,1974-01-18,M,USA,California,Home,5,Yes,Agency,49.95208761122519
C0791,Individual,Walter,Adams,1983-01-07,M,USA,Texas,Home,4,No,Website,40.982888432580424
C0792,Individual,Joseph,Richardson,1982-04-14,M,USA,California,Investment,4,Yes,Website,41.71663244353183
C0793,Individual,Kevin,Brown,1969-09-04,M,USA,New York,Home,4,No,Agency,54.32443531827516
C0794,Individual,Gregory,Mitchell,1951-02-11,M,USA,California,Home,4,Yes,Website,72.8870636550308
C0795,Individual,Harold,Murray,1969-01-14,M,USA,California,Investment,4,Yes,Website,54.96235455167693
C0796,Individual,Stephanie,Ward,1983-04-11,F,USA,California,Investment,5,Yes,Website,40.72553045859001
C0797,Individual,Joan,Gray,1990-06-08,F,USA,Oregon,Home,5,Yes,Agency,33.56605065023956
C0798,Company,Novex,Co,1965-10-21,M,USA,Nevada,Home,4,Yes,Agency,58.195756331279945
C0799,Individual,Pamela,Johnson,1954-07-24,F,USA,California,Home,4,No,Website,69.44010951403149
C0800,Individual,Lawrence,Smith,1974-01-02,M,USA,Virginia,Investment,5,Yes,Website,49.9958932238193
C0801,Individual,Betty,Price,1969-04-03,F,USA,Washington,Home,4,Yes,Website,54.7460643394935
C0802,Individual,Matthew,Williams,1970-11-10,M,USA,Virginia,Home,5,No,Agency,53.14168377823409
C0803,Individual,Evelyn,Moore,1945-12-13,F,USA,Texas,Home,4,No,Agency,78.05065023956195
C0804,Individual,Tyler,Cook,1967-01-10,M,USA,Washington,Home,5,No,Agency,56.97467488021903
C0805,Individual,Albert,Cook,1953-01-17,M,Germany,Berlin,Home,1,Yes,Website,70.95414099931554
C0806,Individual,Jack,Richardson,1989-11-18,M,France,Ile-de-France,Home,5,No,Client,34.119096509240244
C0807,Individual,Amy,Chavez,1993-11-16,F,Mexico,Mexico City,Investment,5,No,Website,30.12457221081451
C0808,Individual,Gregory,Ward,1943-05-17,M,Germany,Berlin,Home,3,Yes,Website,80.62696783025325
C0809,Individual,Hannah,Alexander,1967-02-16,F,France,Occitanie,Home,5,Yes,Agency,56.87337440109514
C0810,Individual,Ronald,Sanders,1995-02-13,M,USA,California,Home,1,Yes,Website,28.88158795345654
C0811,Individual,Carl,Allen,1945-04-17,M,UK,Wales,Home,3,No,Agency,78.70773442847364
C0812,Individual,Harold,Cooper,1974-08-24,M,UK,Northern Ireland,Home,3,Yes,Website,49.35523613963039
C0813,Individual,Gerald,Cook,1974-10-11,M,UK,Scotland,Investment,3,No,Agency,49.223819301848046
C0814,Individual,Joan,Stewart,1964-03-26,F,USA,California,Home,2,No,Website,59.76728268309377
C0815,Company,Horizon,Co,1965-11-06,F,USA,Nevada,Home,4,Yes,Agency,58.15195071868583
C0816,Individual,Deborah,Wright,1947-12-23,F,Germany,Hamburg,Home,2,Yes,Website,76.02464065708419
C0817,Individual,Grace,Thompson,1972-05-12,F,USA,California,Investment,1,No,Website,51.63860369609856
C0818,Company,Sterling,Co,1991-09-08,F,USA,Colorado,Home,2,No,Website,32.31485284052019
C0819,Individual,Jose,Bryant,1951-03-15,M,USA,California,Home,5,No,Website,72.79945242984257
C0820,Individual,Judith,Collins,1940-10-22,F,USA,Texas,Investment,4,No,Agency,83.19233401779603
C0821,Individual,Elizabeth,Moore,1957-09-04,F,USA,California,Home,5,Yes,Agency,66.32443531827515
C0822,Individual,Jessica,Weaver,1959-04-19,F,USA,California,Investment,3,Yes,Website,64.70362765229295
C0823,Individual,Nancy,Hayes,1975-04-16,F,USA,Oregon,Investment,5,Yes,Agency,48.71184120465435
C0824,Individual,Douglas,Cox,1976-06-01,M,USA,California,Home,3,No,Agency,47.58384668035592
C0825,Individual,Ruth,Hughes,1982-03-26,F,Mexico,Nuevo Leon,Home,4,Yes,Agency,41.76865160848734
C0826,Individual,Jason,Stewart,1970-09-11,M,USA,Ohio,Investment,4,Yes,Website,53.30595482546201
C0827,Individual,Ruth,Wright,1965-08-23,F,USA,Washington,Home,2,Yes,Website,58.35728952772074
C0828,Individual,Elizabeth,Stewart,1947-10-10,F,USA,Arizona,Investment,4,Yes,Website,76.22724161533196
C0829,Individual,Jonathan,Stewart,1960-11-16,M,USA,Utah,Investment,3,No,Website,63.123887748117724
C0830,Individual,William,Martin,1952-05-16,M,USA,Oregon,Investment,3,No,Agency,71.62765229295003
C0831,Individual,Judith,Martin,1977-09-24,F,USA,California,Home,2,No,Website,46.26967830253251
C0832,Individual,Dorothy,Ward,1990-01-09,F,USA,Nevada,Investment,3,Yes,Website,33.97672826830938
C0833,Individual,Roger,Green,1951-11-06,M,Denmark,Southern Denmark,Home,5,No,Website,72.1533196440794
C0834,Individual,Helen,Parker,1957-12-23,F,USA,California,Home,5,No,Website,66.02327173169063
C0835,Individual,Maria,Foster,1974-06-06,F,USA,California,Home,5,Yes,Website,49.57152635181382
C0836,Individual,Adam,Sanders,1942-02-04,M,USA,Ohio,Home,4,No,Website,81.90554414784394
C0837,Individual,Peter,Montgomery,1967-06-06,M,France,Brittany,Home,1,No,Website,56.57221081451061
C0838,Individual,Jacob,Morris,1992-04-05,M,USA,Nevada,Investment,1,Yes,Website,31.73990417522245
C0839,Individual,Elizabeth,Baker,1994-01-26,F,UK,England,Home,5,Yes,Agency,29.930184804928132
C0840,Individual,Elizabeth,Wilson,1981-11-01,F,Belgium,Brussels,Home,1,No,Website,42.16563997262149
C0841,Individual,Timothy,Cooper,1999-02-05,M,Belgium,Wallonia,Home,5,No,Website,24.903490759753595
C0842,Individual,Keith,Morales,1996-02-27,M,USA,Washington,Home,5,Yes,Client,27.84394250513347
C0843,Individual,Amanda,Hansen,2000-12-04,F,USA,Georgia,Home,4,No,Agency,23.07460643394935
C0844,Individual,Margaret,Scott,1947-06-13,F,USA,California,Home,2,No,Website,76.55304585900069
C0845,Individual,Ashley,Long,1993-09-05,F,USA,Washington,Home,3,No,Client,30.321697467488022
C0846,Individual,Martha,Harris,1976-05-15,F,Canada,Quebec,Investment,3,No,Agency,47.630390143737166
C0847,Individual,Nicole,James,1988-02-27,F,USA,Utah,Home,2,Yes,Agency,35.84394250513347
C0848,Individual,Aaron,Hughes,1967-11-22,M,USA,California,Home,4,No,Agency,56.10951403148528
C0849,Individual,Brian,Wilson,1977-04-11,M,USA,Oregon,Home,1,Yes,Website,46.724161533196444
C0850,Individual,Judy,Stone,1983-11-13,F,USA,Colorado,Investment,5,No,Agency,40.134154688569474
C0851,Individual,Kyle,White,1993-05-16,M,USA,California,Investment,2,Yes,Website,30.628336755646817
C0852,Individual,Carl,Brown,1989-07-20,M,Germany,North Rhine-Westphalia,Home,2,No,Agency,34.450376454483234
C0853,Individual,Gerald,Bryant,1950-08-07,M,USA,Utah,Home,4,No,Website,73.40177960301163
C0854,Individual,David,Reyes,1944-02-13,M,USA,California,Home,4,No,Website,79.88227241615331
C0855,Individual,Amanda,Foster,1973-03-10,F,Australia,Queensland,Home,4,No,Website,50.81177275838467
C0856,Individual,Janice,Chavez,1964-08-16,F,USA,Florida,Home,5,Yes,Website,59.37577002053388
C0857,Individual,Danielle,Ward,1951-05-11,F,USA,California,Investment,1,Yes,Website,72.64339493497604
C0858,Individual,Samuel,Howard,1994-07-12,M,USA,Nevada,Home,1,No,Website,29.472963723477072
C0859,Individual,Megan,Anderson,1942-12-03,F,USA,California,Home,2,Yes,Agency,81.07871321013005
C0860,Individual,Virginia,Morales,1968-07-09,F,USA,Utah,Home,5,Yes,Website,55.4798083504449
C0861,Individual,Christine,Peterson,1994-08-04,F,France,Brittany,Investment,2,No,Agency,29.409993155373034
C0862,Individual,Amanda,Jordan,1981-06-14,F,USA,Colorado,Investment,1,No,Website,42.548939082819984
C0863,Individual,Brandon,Peterson,1975-04-20,M,Belgium,Wallonia,Home,5,Yes,Agency,48.70088980150582
C0864,Individual,Noah,Kim,1970-07-07,M,USA,Texas,Home,3,No,Website,53.48665297741273
C0865,Individual,Rebecca,Gray,1975-05-20,F,USA,Colorado,Investment,5,Yes,Website,48.61875427789185
C0866,Individual,Lawrence,Bryant,1987-11-27,M,Belgium,Brussels,Home,3,No,Agency,36.09582477754962
C0867,Individual,Julia,Davis,1967-04-12,F,USA,California,Home,2,No,Agency,56.72279260780287
C0868,Individual,Victoria,Rogers,1945-02-21,F,USA,Florida,Home,3,Yes,Agency,78.85831622176592
C0869,Individual,Jose,Roberts,1993-03-07,M,USA,California,Home,4,No,Agency,30.819986310746064
C0870,Company,Harmon,Co,1966-09-01,F,UK,Northern Ireland,Home,2,Yes,Website,57.333333333333336
C0871,Individual,Pamela,Pierce,1989-11-28,F,USA,Virginia,Home,1,Yes,Website,34.091718001368925
C0872,Individual,Sarah,Bennett,1943-06-22,F,UK,England,Home,4,No,Website,80.5284052019165
C0873,Individual,Gerald,Murray,1940-09-09,M,USA,New York,Home,2,No,Website,83.31006160164272
C0874,Individual,Debra,Murray,1953-07-26,F,Belgium,Flanders,Investment,2,No,Website,70.43394934976044
C0875,Individual,Jeffrey,Evans,1972-07-09,M,Canada,Manitoba,Home,4,No,Website,51.4798083504449
C0876,Individual,Benjamin,Chavez,1973-08-22,M,USA,California,Home,3,No,Client,50.36002737850787
C0877,Individual,Jennifer,Weaver,1998-12-22,F,USA,Utah,Investment,2,Yes,Agency,25.026694045174537
C0878,Individual,Ashley,Hansen,1945-04-28,F,USA,Nevada,Home,4,Yes,Website,78.6776180698152
C0879,Individual,Brandon,Adams,1945-03-15,M,UK,Northern Ireland,Home,4,Yes,Website,78.79808350444901
C0880,Individual,Judith,Bennett,1941-06-23,F,USA,New York,Home,2,No,Website,82.5242984257358
C0881,Individual,Ruth,Weaver,1954-09-24,F,USA,Colorado,Investment,1,No,Website,69.2703627652293
C0882,Individual,Peter,Moore,2000-07-07,M,UK,Wales,Home,3,No,Website,23.485284052019164
C0883,Individual,Gerald,Thompson,1946-10-22,M,USA,Texas,Home,4,No,Client,77.19370294318959
C0884,Individual,Joe,Reed,1949-05-07,M,USA,Nevada,Home,2,No,Website,74.652977412731
C0885,Individual,Michael,Williams,1941-09-21,M,Canada,British Columbia,Investment,2,Yes,Agency,82.27789185489391
C0886,Individual,Joseph,Brooks,1961-07-20,M,USA,California,Home,3,Yes,Agency,62.450376454483234
C0887,Individual,Joan,Bryant,1993-04-23,F,USA,California,Home,3,No,Agency,30.691307323750856
C0888,Individual,Sharon,Montgomery,1987-05-24,F,Germany,Berlin,Home,4,Yes,Website,36.60780287474333
C0889,Individual,Scott,Campbell,1985-10-15,M,USA,Nevada,Investment,4,Yes,Website,38.21218343600274
C0890,Individual,Julie,Nelson,1955-07-23,F,USA,Virginia,Investment,3,Yes,Website,68.4435318275154
C0891,Individual,Raymond,Roberts,1970-06-20,M,Germany,North Rhine-Westphalia,Investment,1,Yes,Website,53.53319644079398
C0892,Individual,Helen,Watson,1958-06-05,F,USA,California,Investment,2,Yes,Website,65.57426420260096
C0893,Individual,Evelyn,Thompson,1995-06-23,F,USA,Colorado,Home,3,Yes,Website,28.525667351129364
C0894,Individual,Carl,Evans,1953-06-14,M,USA,Georgia,Home,5,No,Website,70.54893908281998
C0895,Individual,Amanda,Rogers,1953-08-25,F,USA,Arizona,Investment,4,Yes,Website,70.35181382614647
C0896,Individual,Timothy,Jones,1970-05-06,M,France,Brittany,Home,4,Yes,Agency,53.65639972621492
C0897,Individual,Ann,Foster,1971-08-04,F,Australia,Victoria,Home,1,No,Website,52.41067761806981
C0898,Individual,Deborah,King,1953-09-27,F,USA,Arizona,Investment,5,Yes,Agency,70.26146475017111
C0899,Company,Apex,Co,1988-06-26,F,USA,Washington,Investment,2,No,Website,35.51540041067762
C0900,Individual,Betty,Cook,1999-05-22,F,Germany,North Rhine-Westphalia,Home,4,No,Agency,24.61327857631759
C0901,Individual,Gregory,Allen,1999-02-15,M,France,Brittany,Investment,4,No,Agency,24.876112251882272
C0902,Company,Peerex,Co,1964-02-11,F,UK,Northern Ireland,Home,3,Yes,Agency,59.88774811772758
C0903,Individual,Christine,Morales,1992-04-28,F,USA,Texas,Investment,3,No,Website,31.67693360711841
C0904,Individual,Nancy,Brooks,1984-03-08,F,Russia,Saint Petersburg,Home,1,Yes,Website,39.81656399726215
C0905,Individual,Emma,Allen,1993-05-16,F,USA,Virginia,Home,5,Yes,Website,30.628336755646817
C0906,Individual,Jacqueline,Baker,1969-08-13,F,USA,California,Investment,5,No,Website,54.38466803559206
C0907,Individual,Danielle,Scott,1973-11-14,F,USA,California,Home,3,No,Agency,50.130047912388775
C0908,Individual,Carl,Kim,1960-11-17,M,USA,California,Home,4,Yes,Agency,63.121149897330596
C0909,Individual,Brandon,Turner,1967-07-10,M,USA,California,Investment,1,Yes,Agency,56.479123887748116
C0910,Individual,Victoria,Jackson,1971-11-24,F,USA,Texas,Home,3,Yes,Agency,52.10403832991102
C0911,Individual,Donald,Long,1989-03-27,M,USA,California,Home,4,No,Website,34.76522929500342
C0912,Individual,Christina,Freeman,1949-05-11,F,USA,California,Home,1,No,Agency,74.64202600958248
C0913,Individual,Nathan,Hansen,1999-01-13,M,USA,California,Home,4,No,Agency,24.966461327857633
C0914,Individual,Helen,Freeman,1948-10-12,F,France,Provence,Investment,4,No,Website,75.21971252566735
C0915,Individual,Ronald,Harris,1948-01-23,M,USA,Florida,Home,2,No,Agency,75.93976728268309
C0916,Individual,Nathan,Hansen,1988-02-10,M,Russia,Moscow Oblast,Home,2,No,Website,35.89048596851472
C0917,Individual,Kenneth,Hughes,1969-08-01,M,USA,Arizona,Home,2,Yes,Agency,54.417522245037645
C0918,Individual,Susan,Cook,2000-02-21,F,Australia,Western Australia,Home,4,No,Client,23.860369609856264
C0919,Individual,Barbara,Foster,1975-08-17,F,Canada,Quebec,Investment,5,No,Agency,48.375085557837096
C0920,Individual,Christian,Williams,1973-10-11,M,USA,California,Home,4,No,Website,50.223134839151264
C0921,Individual,Christina,Reyes,1999-03-10,F,Australia,New South Wales,Home,4,No,Agency,24.813141683778234
C0922,Individual,Joe,Bell,1942-10-28,M,Australia,Victoria,Investment,4,Yes,Website,81.1772758384668
C0923,Individual,Ruth,Richardson,1950-08-26,F,USA,Oregon,Home,3,No,Client,73.34976043805612
C0924,Individual,Emily,Wright,1988-03-20,F,USA,California,Home,4,No,Website,35.78370978781656
C0925,Individual,Michael,Ward,1944-05-12,M,Germany,Hamburg,Home,2,No,Website,79.63860369609856
C0926,Individual,Lauren,Harris,1961-04-04,F,USA,California,Home,3,No,Website,62.743326488706366
C0927,Individual,Carol,Hayes,1962-11-04,F,France,Ile-de-France,Home,4,No,Client,61.158110882956876
C0928,Individual,Jordan,Jordan,1950-02-27,M,USA,California,Home,1,Yes,Agency,73.8425735797399
C0929,Individual,Jack,Hall,1954-05-23,M,USA,Washington,Home,4,No,Website,69.60985626283367
C0930,Individual,Debra,Moore,1993-04-15,F,USA,Washington,Investment,1,Yes,Agency,30.713210130047912
C0931,Individual,Daniel,Parker,1977-12-25,M,USA,Nevada,Investment,2,Yes,Client,46.01779603011636
C0932,Individual,Kathleen,Moore,1949-07-14,F,USA,New York,Home,5,No,Website,74.46680355920603
C0933,Individual,Kimberly,Johnson,1955-09-03,F,USA,California,Home,4,No,Website,68.32854209445586
C0934,Individual,Barbara,Allen,1943-10-02,F,UK,Northern Ireland,Investment,5,Yes,Website,80.24914442162903
C0935,Individual,Katherine,Cooper,2000-05-17,F,Canada,Manitoba,Home,4,No,Agency,23.6249144421629
C0936,Individual,Carolyn,Brooks,1951-04-10,F,USA,California,Home,3,No,Client,72.72826830937714
C0937,Individual,Gerald,Chavez,1982-04-03,M,USA,Arizona,Home,5,No,Client,41.74674880219028
C0938,Individual,William,Chavez,1963-05-08,M,Russia,Krasnodar Krai,Home,4,No,Website,60.65160848733744
C0939,Individual,Anna,Alexander,1978-02-02,F,Belgium,Brussels,Investment,1,No,Website,45.91101984941821
C0940,Individual,Kyle,Bell,1985-12-19,M,USA,Virginia,Investment,5,No,Website,38.03422313483915
C0941,Individual,Grace,Moore,1955-07-17,F,Mexico,Jalisco,Home,1,No,Agency,68.4599589322382
C0942,Individual,Joan,Jackson,1991-12-14,F,USA,California,Home,1,No,Website,32.049281314168375
C0943,Individual,Karen,Cox,1957-09-13,F,Canada,Manitoba,Investment,5,No,Website,66.29979466119096
C0944,Individual,Virginia,Hughes,1956-08-24,F,USA,Florida,Home,2,No,Website,67.35386721423683
C0945,Individual,Emily,Hayes,1945-09-04,F,France,Provence,Home,4,No,Website,78.32443531827515
C0946,Individual,Ashley,Weaver,1946-07-04,F,USA,Nevada,Investment,3,Yes,Agency,77.49486652977413
C0947,Individual,Samantha,Cox,1981-05-16,F,USA,Texas,Home,2,No,Website,42.62833675564682
C0948,Individual,Emma,Nelson,1989-12-16,F,USA,California,Investment,3,Yes,Website,34.04243668720055
C0949,Individual,Julia,Price,1943-06-26,F,USA,Colorado,Investment,5,Yes,Client,80.51745379876797
C0950,Individual,Christina,Price,1991-12-11,F,USA,Texas,Investment,5,No,Website,32.05749486652977
C0951,Individual,Rachel,Chavez,1998-11-15,F,Mexico,Nuevo Leon,Home,1,Yes,Client,25.127994524298426
C0952,Individual,Ann,Martin,1959-09-03,F,USA,Oregon,Home,5,No,Website,64.32854209445586
C0953,Company,Helios,Co,1995-10-22,M,USA,Washington,Home,5,Yes,Website,28.194387405886378
C0954,Individual,Michael,Evans,1950-04-08,M,France,Brittany,Investment,4,Yes,Agency,73.73305954825462
C0955,Individual,Megan,Garcia,1969-01-11,F,USA,California,Home,1,No,Website,54.97056810403833
C0956,Individual,Donald,Jackson,1966-03-10,M,USA,California,Home,1,Yes,Website,57.81245722108145
C0957,Company,Crestwood,Co,1961-05-21,M,USA,Oregon,Home,2,Yes,Client,62.614647501711154
C0958,Individual,Betty,Rogers,1991-07-11,F,USA,Nevada,Home,1,Yes,Website,32.47638603696099
C0959,Individual,Carl,Hayes,1952-09-13,M,USA,California,Home,3,No,Agency,71.29911019849418
C0960,Individual,Linda,Bennett,1960-04-01,F,USA,Arizona,Investment,1,Yes,Client,63.75085557837098
C0961,Individual,Brandon,Morales,1974-08-03,M,UK,Wales,Home,2,Yes,Website,49.412731006160165
C0962,Individual,Nicholas,Hansen,1940-07-18,M,USA,California,Home,4,No,Website,83.4551676933607
C0963,Individual,James,Davis,1941-08-09,M,Canada,Alberta,Home,4,No,Agency,82.39561943874058
C0964,Individual,Elizabeth,Hall,1953-09-19,F,USA,California,Home,4,No,Website,70.28336755646818
C0965,Individual,Lauren,Adams,1961-09-26,F,USA,New York,Investment,3,No,Website,62.26420260095825
C0966,Company,Corvus,Co,1995-10-11,M,USA,California,Investment,3,No,Website,28.22450376454483
C0967,Individual,Jennifer,Moore,1959-01-20,F,USA,California,Home,2,No,Agency,64.94729637234771
C0968,Individual,Julie,Hansen,1995-11-21,F,USA,Arizona,Home,4,No,Website,28.112251882272417
C0969,Individual,Amber,Ward,1976-03-27,F,Russia,Tatarstan,Investment,1,Yes,Agency,47.76454483230664
C0970,Individual,Peter,Johnson,1986-12-01,M,Denmark,North Denmark,Home,3,Yes,Website,37.08418891170431
C0971,Individual,Cynthia,Mitchell,1969-06-02,F,USA,Colorado,Investment,5,Yes,Website,54.58179329226557
C0972,Individual,Sandra,Evans,1964-09-16,F,USA,Arizona,Home,5,No,Agency,59.290896646132786
C0973,Individual,Charles,Stone,1992-12-03,M,USA,California,Investment,2,No,Client,31.077344284736483
C0974,Individual,Michael,Hansen,1961-05-22,M,USA,New York,Home,1,No,Agency,62.61190965092403
C0975,Individual,Gregory,Reyes,1946-07-09,M,USA,Utah,Home,4,No,Website,77.48117727583846
C0976,Individual,Ryan,Miller,1983-07-18,M,USA,California,Home,4,Yes,Website,40.45722108145106
C0977,Individual,Ryan,James,1996-04-07,M,USA,California,Home,1,No,Agency,27.734428473648187
C0978,Individual,Lauren,Brown,1963-11-11,F,USA,California,Home,4,Yes,Website,60.139630390143736
C0979,Individual,Madison,Roberts,1940-02-25,F,Canada,Quebec,Investment,4,No,Website,83.84941820670774
C0980,Individual,Daniel,Davis,1942-01-13,M,USA,New York,Investment,1,Yes,Website,81.96577686516085
C0981,Individual,Jessica,Stewart,1961-11-14,F,USA,California,Investment,1,No,Website,62.130047912388775
C0982,Individual,Joyce,Jackson,1961-07-08,F,Canada,Manitoba,Investment,5,Yes,Agency,62.483230663928815
C0983,Individual,Brittany,Freeman,1994-06-21,F,Germany,North Rhine-Westphalia,Home,4,No,Website,29.530458590006845
C0984,Individual,Mark,Johnson,1962-12-03,M,Canada,British Columbia,Home,5,Yes,Agency,61.07871321013005
C0985,Individual,Ruth,Griffin,1954-10-15,F,USA,California,Home,1,Yes,Website,69.21286789869951
C0986,Individual,Jacqueline,Ward,1981-10-18,F,Russia,Saint Petersburg,Home,2,No,Website,42.20396988364134
C0987,Individual,Maria,Johnson,1967-10-22,F,Germany,North Rhine-Westphalia,Home,1,Yes,Agency,56.19438740588638
C0988,Individual,Douglas,Cooper,1988-04-21,M,USA,Texas,Home,3,Yes,Agency,35.696098562628336
C0989,Individual,Amber,Cook,1946-10-19,F,USA,Oregon,Home,4,No,Website,77.20191649555099
C0990,Individual,Carl,Carter,1942-01-21,M,USA,Utah,Home,4,No,Website,81.9438740588638
C0991,Individual,Heather,Adams,1975-03-27,F,USA,Nevada,Home,1,No,Website,48.766598220396986
C0992,Individual,Scott,Hughes,1988-11-19,M,Denmark,Capital Region,Home,1,Yes,Website,35.115674195756334
C0993,Individual,Ryan,Campbell,1954-03-11,M,USA,California,Home,2,Yes,Website,69.80971937029432
C0994,Individual,Michael,Moore,1976-11-26,M,USA,California,Home,3,No,Website,47.096509240246405
C0995,Individual,Amanda,Kim,1949-10-14,F,Australia,New South Wales,Home,1,Yes,Website,74.21492128678987
C0996,Individual,Terry,Howard,1956-06-11,M,Canada,Manitoba,Home,2,Yes,Client,67.5564681724846
C0997,Individual,Terry,Collins,1950-03-11,M,USA,California,Investment,3,Yes,Agency,73.80971937029432
C0998,Company,Grandis,Co,1969-05-06,F,USA,Virginia,Home,4,No,Agency,54.65571526351814
C0999,Individual,Jacqueline,Cox,1969-09-15,F,USA,California,Investment,3,No,Agency,54.2943189596167
C1000,Individual,Judith,Parker,1963-07-21,F,USA,Utah,Home,2,Yes,Website,60.44900752908966
C1001,Individual,Aaron,Nelson,1981-07-13,M,USA,California,Home,3,No,Website,42.469541409993155
C1002,Individual,Scott,Hughes,1967-06-08,M,USA,California,Home,5,No,Website,56.56673511293634
C1003,Individual,Lauren,Bennett,1977-08-11,F,USA,Nevada,Home,2,No,Website,46.390143737166326
C1004,Individual,Alexander,Anderson,1982-09-17,M,USA,Oregon,Home,3,Yes,Website,41.28952772073922
C1005,Individual,Barbara,Chavez,1988-06-07,F,Germany,Hamburg,Home,3,No,Client,35.56741957563313
C1006,Individual,Stephanie,Weaver,1992-12-24,F,USA,Georgia,Home,1,No,Website,31.019849418206707
C1007,Individual,Joyce,Brooks,1948-10-25,F,UK,England,Home,4,No,Agency,75.18412046543463
C1008,Company,Sterling,Co,1987-10-02,M,USA,California,Home,2,No,Website,36.24914442162902
C1009,Individual,Evelyn,Bell,1950-02-11,F,USA,Nevada,Investment,4,Yes,Agency,73.88637919233402
C1010,Individual,Dennis,Moore,1964-03-10,M,Mexico,Jalisco,Home,4,No,Website,59.81108829568789
C1011,Individual,Virginia,Brooks,1952-12-18,F,USA,California,Investment,1,No,Website,71.0362765229295
C1012,Individual,Raymond,Morales,1960-10-20,M,USA,New York,Home,4,Yes,Website,63.19780971937029
C1013,Individual,Stephanie,Patterson,1994-06-19,F,USA,Oregon,Home,1,Yes,Website,29.53593429158111
C1014,Individual,David,Weaver,1969-01-06,M,USA,California,Home,3,Yes,Website,54.98425735797399
C1015,Individual,Kyle,Davis,1977-09-01,M,USA,California,Home,4,Yes,Website,46.332648870636554
C1016,Individual,Andrea,Wilson,1976-04-05,F,USA,California,Home,4,Yes,Agency,47.73990417522245
C1017,Individual,Megan,Baker,1968-12-22,F,USA,California,Home,1,Yes,Agency,55.02532511978097
C1018,Individual,Tiffany,Turner,1967-06-19,F,USA,Colorado,Home,5,Yes,Client,56.53661875427789
C1019,Individual,Carolyn,Stewart,1975-10-27,F,USA,Nevada,Home,2,No,Client,48.18069815195072
C1020,Individual,Deborah,Morales,1994-07-23,F,USA,California,Home,3,No,Agency,29.44284736481862
C1021,Individual,Jeffrey,Bryant,1974-09-04,M,USA,California,Investment,1,No,Client,49.32511978097194
C1022,Individual,Christina,King,1984-04-17,F,USA,Colorado,Home,1,No,Agency,39.70704996577687
C1023,Individual,Heather,Bell,1953-07-28,F,USA,Nevada,Home,1,Yes,Website,70.42847364818617
C1024,Individual,Gregory,Long,1969-08-03,M,USA,Arizona,Investment,2,No,Agency,54.41204654346338
C1025,Individual,Michelle,King,1947-01-20,F,USA,California,Home,1,No,Client,76.94729637234771
C1026,Individual,Robert,Parker,1991-08-12,M,USA,California,Investment,1,No,Agency,32.388774811772755
C1027,Individual,Gerald,White,1976-12-10,M,USA,California,Investment,1,Yes,Client,47.058179329226554
C1028,Individual,Nicholas,Cox,1942-04-07,M,USA,California,Home,1,Yes,Website,81.73579739904176
C1029,Individual,Ryan,Jackson,1949-11-06,M,Australia,Victoria,Home,1,No,Agency,74.15195071868582
C1030,Individual,Christine,Owens,1960-04-20,F,USA,Ohio,Home,4,No,Website,63.69883641341547
C1031,Individual,Alexander,Reed,1989-01-13,M,UK,England,Home,1,No,Website,34.965092402464066
C1032,Individual,Larry,Freeman,1977-01-03,M,USA,Nevada,Home,5,No,Website,46.992470910335385
C1033,Individual,Eric,Jackson,1962-06-21,M,France,Ile-de-France,Home,2,No,Website,61.530458590006845
C1034,Individual,Andrea,Wilson,1979-01-20,F,USA,Colorado,Home,5,No,Client,44.94729637234771
C1035,Individual,Jacob,Williams,1961-02-10,M,USA,Virginia,Home,2,No,Website,62.888432580424364
C1036,Individual,Martha,Collins,1988-03-13,F,USA,Oregon,Home,2,No,Agency,35.80287474332649
C1037,Company,Corvus,Co,1970-01-02,M,Mexico,Baja California,Home,2,Yes,Website,53.9958932238193
C1038,Individual,Gerald,Gray,1959-05-25,M,USA,California,Investment,3,No,Website,64.6050650239562
C1039,Individual,Nicholas,Carter,1962-07-17,M,USA,California,Home,1,Yes,Agency,61.45927446954141
C1040,Individual,Joseph,Young,1940-04-05,M,USA,California,Investment,5,Yes,Website,83.73990417522245
C1041,Individual,Evelyn,Morris,1990-12-07,F,USA,Nevada,Home,5,Yes,Website,33.06776180698152
C1042,Individual,Rebecca,Parker,1945-08-03,F,USA,Nevada,Home,2,No,Agency,78.41204654346338
C1043,Individual,Carol,Griffin,1999-07-14,F,USA,Washington,Home,5,No,Website,24.468172484599588
C1044,Individual,Eric,Howard,1971-05-15,M,USA,Nevada,Investment,5,No,Website,52.63244353182751
C1045,Individual,Rebecca,Allen,1942-04-01,F,USA,New York,Home,3,No,Website,81.75222450376455
C1046,Individual,Maria,Wood,1969-05-21,F,Canada,Quebec,Home,4,Yes,Website,54.614647501711154
C1047,Individual,Ronald,Reyes,1984-12-12,M,USA,Virginia,Home,3,No,Website,39.05270362765229
C1048,Individual,Angela,Turner,1970-01-27,F,USA,Oregon,Investment,1,No,Agency,53.927446954141
C1049,Individual,Tiffany,Sanders,1940-11-05,F,USA,California,Investment,5,No,Website,83.15400410677618
C1050,Individual,Tyler,Watson,1955-10-03,M,USA,Georgia,Home,4,Yes,Website,68.24640657084188
C1051,Individual,Cheryl,Hansen,1958-07-19,F,USA,Virginia,Home,1,Yes,Agency,65.45379876796714
C1052,Individual,Kimberly,Parker,1953-04-24,F,USA,Utah,Home,1,Yes,Agency,70.68856947296372
C1053,Individual,Adam,Kim,1974-11-10,M,Mexico,Nuevo Leon,Home,2,Yes,Website,49.14168377823409
C1054,Individual,Edward,Foster,1989-09-04,M,USA,Arizona,Home,2,Yes,Website,34.32443531827516
C1055,Individual,Jonathan,Bennett,1972-11-20,M,USA,New York,Investment,2,Yes,Website,51.1129363449692
C1056,Individual,Larry,Wilson,1979-01-19,M,USA,Colorado,Home,1,Yes,Website,44.95003422313484
C1057,Individual,Jesse,Garcia,1994-04-17,M,USA,Nevada,Investment,5,No,Website,29.70841889117043
C1058,Individual,Rachel,Weaver,1973-06-12,F,Germany,Bavaria,Home,3,Yes,Website,50.554414784394254
C1059,Individual,Danielle,Davis,1978-06-26,F,USA,California,Home,4,No,Website,45.516769336071185
C1060,Individual,Christian,Evans,1940-12-25,M,USA,Nevada,Home,5,No,Agency,83.01711156741958
C1061,Individual,Stephanie,Smith,1960-06-01,F,UK,Scotland,Home,1,No,Website,63.58384668035592
C1062,Individual,Billy,Foster,1975-12-20,M,USA,California,Home,4,No,Agency,48.03285420944559
C1063,Individual,Nicole,Weaver,1988-12-05,F,USA,New York,Investment,5,Yes,Website,35.07186858316222
C1064,Individual,Brandon,Pierce,1945-08-06,M,USA,California,Home,5,Yes,Website,78.40383299110198
C1065,Individual,Mark,Reyes,1955-01-06,M,USA,Georgia,Home,3,Yes,Client,68.98562628336755
C1066,Individual,Ashley,Moore,1941-09-21,F,Australia,Victoria,Home,1,No,Website,82.27789185489391
C1067,Individual,Samuel,Howard,1942-12-24,M,Mexico,Jalisco,Investment,4,No,Agency,81.02121834360027
C1068,Individual,Kathleen,Carter,1984-02-10,F,USA,California,Home,3,No,Agency,39.89048596851472
C1069,Individual,Lawrence,Cox,1992-06-13,M,USA,Virginia,Home,3,Yes,Agency,31.550992470910334
C1070,Individual,Virginia,Rogers,1951-06-26,F,Germany,Bavaria,Home,5,No,Agency,72.51745379876797
C1071,Individual,Aaron,Johnson,1966-08-11,M,USA,Texas,Home,2,No,Agency,57.39082819986311
C1072,Individual,Kimberly,Jones,1962-06-10,F,USA,Utah,Home,3,No,Agency,61.5605749486653
C1073,Individual,Carl,Collins,1955-07-02,M,USA,California,Investment,2,No,Website,68.50102669404518
C1074,Individual,George,Foster,1954-07-10,M,UK,Northern Ireland,Home,1,No,Website,69.47843942505133
C1075,Individual,Carolyn,Watson,1975-02-17,F,Mexico,Baja California,Home,3,No,Website,48.87063655030801
C1076,Individual,Betty,Thompson,1980-10-28,F,USA,Florida,Investment,3,No,Agency,43.175906913073234
C1077,Individual,Peter,Griffin,1982-03-07,M,USA,Texas,Investment,2,No,Agency,41.82067077344285
C1078,Individual,Joshua,Howard,1940-07-22,M,USA,Ohio,Home,1,No,Agency,83.44421629021218
C1079,Individual,Steven,Hayes,1959-06-19,M,USA,California,Investment,4,Yes,Website,64.5366187542779
C1080,Individual,Hannah,Stewart,1956-10-06,F,UK,England,Investment,4,No,Agency,67.23613963039014
C1081,Company,Meridian,Co,1974-09-08,M,Russia,Novosibirsk,Home,4,Yes,Agency,49.31416837782341
C1082,Individual,Patricia,Martin,1993-02-04,F,USA,Oregon,Investment,5,Yes,Website,30.90485968514716
C1083,Individual,Pamela,Jackson,1950-10-06,F,USA,Colorado,Investment,4,No,Agency,73.2375085557837
C1084,Individual,Sarah,Hansen,1989-07-27,F,France,Ile-de-France,Home,4,No,Agency,34.431211498973305
C1085,Individual,Sarah,Flores,1947-10-18,F,Australia,Queensland,Investment,1,No,Client,76.20533880903491
C1086,Individual,Timothy,Montgomery,1956-03-01,M,USA,Colorado,Home,1,Yes,Website,67.83572895277207
C1087,Individual,Matthew,Owens,1984-01-03,M,USA,Colorado,Home,3,No,Website,39.99452429842574
C1088,Individual,Nicholas,Stewart,1998-09-26,M,USA,Utah,Home,4,Yes,Agency,25.26488706365503
C1089,Individual,Madison,Ward,1962-09-17,F,USA,Utah,Home,1,Yes,Website,61.28952772073922
C1090,Individual,Laura,Moore,1962-09-07,F,Canada,Alberta,Home,3,Yes,Client,61.31690622861054
C1091,Individual,Arthur,Phillips,1984-07-21,M,USA,Nevada,Home,1,Yes,Agency,39.44695414099932
C1092,Individual,Terry,Adams,1996-11-24,M,USA,Oregon,Investment,2,No,Website,27.10198494182067
C1093,Individual,Adam,Allen,1980-07-13,M,USA,Oregon,Home,1,Yes,Website,43.46885694729637
C1094,Individual,Sarah,Cook,1960-02-12,F,USA,Washington,Home,2,Yes,Website,63.885010266940455
C1095,Individual,Cynthia,Howard,1940-02-26,F,USA,California,Home,3,No,Agency,83.8466803559206
C1096,Individual,Grace,Edwards,1965-05-20,F,USA,New York,Home,2,No,Client,58.61738535249829
C1097,Individual,Teresa,Pierce,1962-07-16,F,Canada,Alberta,Home,3,Yes,Agency,61.46201232032854
C1098,Individual,Paul,Young,1976-10-24,M,USA,California,Investment,3,No,Client,47.186858316221766
C1099,Individual,Joan,Scott,1972-06-26,F,USA,Colorado,Home,3,No,Agency,51.51540041067762
C1100,Individual,Frank,Thomas,1940-05-14,M,Russia,Novosibirsk,Home,1,No,Website,83.6331279945243
C1101,Individual,Matthew,King,1964-01-03,M,Belgium,Flanders,Home,5,No,Website,59.99452429842574
C1102,Company,Harmon,Co,1960-05-06,M,Germany,Berlin,Home,2,No,Agency,63.65503080082136
C1103,Individual,Jose,Johnson,1961-04-27,M,Belgium,Wallonia,Home,4,No,Agency,62.680355920602324
C1104,Individual,Christian,Weaver,1998-10-15,M,USA,Utah,Investment,5,Yes,Website,25.21286789869952
C1105,Individual,Roger,Ward,1940-01-14,M,USA,Nevada,Home,3,Yes,Website,83.96440793976728
C1106,Individual,Sean,Martin,1982-05-16,M,USA,California,Home,1,No,Agency,41.6290212183436
C1107,Individual,Frank,Hayes,1948-01-15,M,Canada,British Columbia,Home,1,No,Website,75.96167008898016
C1108,Individual,Helen,Ward,1994-01-12,F,Australia,South Australia,Home,4,No,Website,29.968514715947983
C1109,Individual,Rebecca,Anderson,1967-09-05,F,USA,California,Home,1,Yes,Client,56.323066392881586
C1110,Individual,Harold,Watson,1977-05-12,M,USA,New York,Home,5,Yes,Website,46.639288158795345
C1111,Company,Corvus,Co,1967-01-23,M,USA,California,Home,4,Yes,Website,56.93908281998631
C1112,Individual,Donald,Green,1982-01-05,M,USA,Nevada,Investment,3,Yes,Website,41.987679671457904
C1113,Individual,Brenda,Martin,1974-08-18,F,USA,Texas,Investment,2,No,Client,49.37166324435318
C1114,Individual,Cheryl,Wood,1992-02-04,F,USA,California,Home,3,No,Website,31.906913073237508
C1115,Individual,Joseph,Bell,1973-10-24,M,USA,Colorado,Home,3,Yes,Agency,50.18754277891855
C1116,Individual,Angela,Freeman,1991-12-17,F,USA,California,Home,1,Yes,Agency,32.04106776180698
C1117,Individual,Rebecca,Patterson,1955-02-23,F,Mexico,Mexico City,Home,5,Yes,Website,68.85420944558521
C1118,Company,Caldera,Co,1969-04-26,M,UK,Scotland,Investment,2,Yes,Website,54.68309377138946
C1119,Individual,Larry,Green,1941-03-14,M,USA,Oregon,Home,1,Yes,Website,82.80082135523614
C1120,Individual,Kathleen,Carter,1979-07-16,F,USA,Arizona,Home,1,No,Website,44.46269678302532
C1121,Individual,Carolyn,Gray,1985-06-02,F,USA,California,Home,1,No,Client,38.58179329226557
C1122,Individual,Judith,Evans,1942-10-04,F,USA,California,Home,4,No,Website,81.24298425735797
C1123,Individual,Robert,Pierce,1951-03-11,M,USA,Virginia,Home,5,No,Agency,72.8104038329911
C1124,Individual,Sharon,Murray,1976-02-04,F,USA,Oregon,Investment,5,Yes,Website,47.90691307323751
C1125,Individual,Ronald,Price,1941-02-03,M,USA,Oregon,Home,3,No,Agency,82.90759753593429
C1126,Company,Elara,Co,1983-02-16,M,USA,Virginia,Home,1,Yes,Website,40.87337440109514
C1127,Individual,Ann,Cooper,1943-06-15,F,UK,England,Investment,1,No,Website,80.54757015742642
C1128,Individual,Brian,Montgomery,1983-12-05,M,USA,California,Investment,1,No,Website,40.07392197125257
C1129,Individual,Martha,Hansen,1945-09-03,F,USA,Colorado,Investment,5,No,Agency,78.32717316906229
C1130,Individual,Tiffany,Parker,1987-03-01,F,USA,Arizona,Home,5,No,Website,36.837782340862425
C1131,Individual,Cheryl,Kim,1984-05-28,F,USA,California,Investment,3,No,Website,39.59479808350445
C1132,Individual,Terry,Roberts,1982-01-21,M,USA,New York,Home,2,Yes,Website,41.94387405886379
C1133,Individual,Jason,Hansen,1993-01-21,M,USA,Oregon,Investment,3,No,Website,30.94318959616701
C1134,Individual,Dorothy,Bennett,1943-10-10,F,USA,California,Investment,1,No,Website,80.22724161533196
C1135,Individual,Melissa,Phillips,1999-09-22,F,Russia,Moscow Oblast,Investment,5,Yes,Client,24.27652292950034
C1136,Individual,Shirley,Weaver,1965-04-27,F,USA,California,Home,3,Yes,Agency,58.680355920602324
C1137,Individual,Carol,Price,1986-12-24,F,USA,Nevada,Home,4,Yes,Agency,37.021218343600275
C1138,Individual,George,Green,1964-08-24,M,USA,Oregon,Home,1,No,Website,59.35386721423682
C1139,Individual,Tiffany,Green,1996-03-03,F,USA,California,Home,4,Yes,Client,27.83025325119781
C1140,Individual,Billy,Jackson,1976-07-01,M,USA,Florida,Home,1,Yes,Website,47.501711156741955
C1141,Individual,Kimberly,Montgomery,2000-01-26,F,USA,Arizona,Investment,3,No,Website,23.9315537303217
C1142,Individual,Julia,Hughes,1948-03-10,F,USA,Colorado,Home,2,Yes,Agency,75.81108829568788
C1143,Individual,Michael,Garcia,1994-09-10,M,USA,Arizona,Home,2,Yes,Website,29.308692676249144
C1144,Individual,Diane,Young,1978-11-10,F,USA,Georgia,Investment,4,No,Client,45.14168377823409
C1145,Individual,Ethan,King,1993-04-04,M,USA,Nevada,Home,5,No,Website,30.743326488706366
C1146,Individual,Richard,Weaver,1991-03-14,M,USA,California,Investment,2,No,Website,32.80219028062971
C1147,Individual,Brittany,Edwards,1978-02-09,F,USA,Utah,Home,3,No,Website,45.89185489390828
C1148,Individual,Joshua,Rogers,1991-07-15,M,Australia,New South Wales,Home,1,Yes,Agency,32.46543463381246
C1149,Individual,Kimberly,Thomas,1980-03-06,F,Russia,Tatarstan,Home,3,No,Agency,43.82203969883641
C1150,Individual,Tiffany,Cook,1992-11-08,F,USA,Nevada,Investment,4,No,Agency,31.145790554414784
C1151,Individual,Tyler,Anderson,1963-12-14,M,USA,Arizona,Investment,2,No,Website,60.049281314168375
C1152,Individual,Jason,Williams,1977-09-16,M,USA,Georgia,Home,1,No,Website,46.29158110882957
C1153,Individual,Scott,Sanders,1991-09-14,M,USA,California,Home,1,No,Website,32.2984257357974
C1154,Individual,Jerry,Brown,1956-07-12,M,USA,Utah,Home,5,Yes,Agency,67.4715947980835
C1155,Individual,William,Young,1977-03-03,M,USA,California,Home,5,No,Website,46.83093771389459
C1156,Individual,Dorothy,Kim,1956-05-16,F,USA,Virginia,Home,4,No,Agency,67.62765229295003
C1157,Individual,Kenneth,Davis,1944-11-02,M,Canada,Alberta,Investment,2,No,Website,79.16221765913758
C1158,Individual,Joan,Pierce,1955-05-19,F,USA,California,Investment,2,No,Website,68.62149212867898
C1159,Individual,Gerald,Howard,1940-03-24,M,USA,Nevada,Investment,1,Yes,Website,83.77275838466804
C1160,Individual,Walter,Griffin,1980-11-21,M,USA,Florida,Home,2,Yes,Website,43.110198494182065
C1161,Individual,Stephen,White,1994-02-12,M,Canada,Alberta,Investment,3,Yes,Website,29.883641341546884
C1162,Individual,Charles,Nelson,1962-01-25,M,USA,California,Investment,2,No,Website,61.93292265571527
C1163,Individual,Noah,Morales,1998-10-26,M,USA,California,Home,3,Yes,Website,25.182751540041068
C1164,Individual,Emma,Watson,1968-04-11,F,Belgium,Wallonia,Home,3,Yes,Agency,55.723477070499655
C1165,Individual,Victoria,Alexander,1994-09-26,F,Russia,Moscow Oblast,Home,1,No,Website,29.26488706365503
C1166,Individual,Scott,Hall,1991-11-15,M,USA,New York,Investment,1,No,Website,32.12867898699521
C1167,Individual,Kevin,Alexander,1967-12-20,M,UK,Scotland,Home,3,No,Website,56.03285420944559
C1168,Individual,Brittany,Reyes,1998-12-25,F,Germany,Hamburg,Home,2,Yes,Agency,25.018480492813143
C1169,Individual,Noah,Bryant,1994-01-05,M,Russia,Saint Petersburg,Home,5,Yes,Agency,29.987679671457904
C1170,Individual,Amanda,Collins,1990-02-09,F,USA,Nevada,Home,1,Yes,Website,33.89185489390828
C1171,Individual,Anna,Patterson,1984-08-21,F,USA,California,Investment,4,Yes,Website,39.36208076659822
C1172,Individual,Victoria,Freeman,1942-11-05,F,USA,Nevada,Home,5,No,Website,81.15537303216975
C1173,Individual,Cheryl,Price,1984-11-02,F,Canada,Manitoba,Investment,1,No,Website,39.162217659137575
C1174,Individual,Kenneth,White,1982-07-06,M,USA,Nevada,Home,2,No,Agency,41.489390828199866
C1175,Individual,Evelyn,Long,1959-09-27,F,USA,California,Home,2,No,Website,64.26283367556468
C1176,Individual,Lauren,Baker,1975-06-03,F,USA,California,Investment,4,Yes,Agency,48.580424366872
C1177,Individual,Larry,Sanders,1998-09-05,M,USA,California,Investment,2,No,Agency,25.322381930184804
C1178,Individual,Jessica,Richardson,1950-07-16,F,USA,California,Home,1,No,Agency,73.46201232032854
C1179,Individual,Melissa,Anderson,1991-02-09,F,USA,California,Home,4,No,Agency,32.89253935660506
C1180,Individual,Deborah,Miller,1995-07-11,F,Belgium,Brussels,Home,2,Yes,Website,28.476386036960985
C1181,Individual,Judith,Hansen,1956-03-23,F,USA,Nevada,Investment,5,No,Website,67.77549623545517
C1182,Individual,Christopher,Murray,1961-03-11,M,Germany,Bavaria,Investment,3,Yes,Website,62.809034907597535
C1183,Individual,Carl,Rogers,1993-11-14,M,USA,Arizona,Investment,1,No,Website,30.130047912388775
C1184,Individual,David,Nelson,1953-04-14,M,France,Ile-de-France,Home,2,No,Website,70.71594798083504
C1185,Individual,Ronald,Peterson,2000-06-27,M,USA,California,Home,3,No,Website,23.512662559890487
C1186,Individual,Victoria,Bennett,1978-06-27,F,USA,Nevada,Home,3,Yes,Website,45.51403148528405
C1187,Individual,Melissa,Pierce,1962-03-18,F,USA,Nevada,Home,4,No,Website,61.790554414784395
C1188,Individual,Matthew,White,1995-11-01,M,Canada,Alberta,Home,1,No,Client,28.16700889801506
C1189,Individual,Peter,Alexander,1963-01-22,M,USA,Florida,Home,2,Yes,Client,60.941820670773446
C1190,Individual,Sandra,Baker,1946-08-04,F,USA,Texas,Home,4,No,Client,77.40999315537303
C1191,Individual,Mary,Cox,1950-04-17,F,USA,California,Investment,3,No,Website,73.70841889117042
C1192,Individual,Adam,Jones,2000-01-05,M,USA,Florida,Home,5,No,Website,23.98904859685147
C1193,Individual,Amy,Owens,1975-04-20,F,UK,England,Home,1,No,Website,48.70088980150582
C1194,Individual,Melissa,Brooks,1943-06-17,F,USA,Colorado,Home,1,No,Website,80.54209445585215
C1195,Individual,Anna,Pierce,1990-06-07,F,USA,California,Home,4,Yes,Agency,33.568788501026695
C1196,Individual,William,Freeman,1955-09-03,M,USA,Nevada,Home,2,No,Agency,68.32854209445586
C1197,Individual,Deborah,Roberts,1959-04-10,F,USA,Arizona,Home,4,No,Website,64.72826830937714
C1198,Individual,Lisa,Young,1960-01-21,F,USA,New York,Home,1,No,Agency,63.945242984257355
C1199,Individual,Justin,Campbell,1943-03-03,M,USA,Colorado,Home,2,No,Website,80.83230663928816
C1200,Individual,Henry,Taylor,1969-11-03,M,USA,Utah,Home,4,No,Agency,54.16016427104723
C1201,Individual,Timothy,Stewart,2000-03-22,M,USA,Oregon,Investment,1,Yes,Website,23.7782340862423
C1202,Company,Telnox,Co,1985-05-09,M,Canada,Quebec,Investment,5,Yes,Website,38.64750171115674
C1203,Individual,Ashley,Green,1962-01-18,F,USA,Arizona,Home,2,Yes,Website,61.95208761122519
C1204,Individual,William,Reed,1992-04-03,M,Mexico,Puebla,Investment,2,Yes,Website,31.745379876796715
C1205,Individual,Patrick,Pierce,1959-05-15,M,Belgium,Flanders,Home,4,No,Website,64.63244353182752
C1206,Individual,Melissa,Baker,1957-12-09,F,USA,California,Investment,5,No,Website,66.06160164271047
C1207,Individual,Lauren,Price,1973-10-24,F,USA,Texas,Home,5,Yes,Agency,50.18754277891855
C1208,Individual,Noah,Ward,1977-11-27,M,USA,Colorado,Home,1,No,Website,46.09445585215606
C1209,Individual,Tiffany,Kim,1978-07-01,F,USA,California,Home,4,Yes,Website,45.503080082135526
C1210,Individual,Dennis,Cox,1991-06-04,M,USA,California,Investment,1,No,Website,32.577686516084874
C1211,Individual,Kathleen,Owens,1996-07-10,F,Canada,British Columbia,Home,5,Yes,Website,27.477070499657767
C1212,Individual,Lawrence,Gray,1957-07-11,M,USA,California,Home,1,No,Agency,66.47501711156742
C1213,Individual,Ruth,Martin,1993-08-06,F,Canada,Manitoba,Home,5,No,Website,30.403832991101986
C1214,Individual,Jennifer,Peterson,2000-08-10,F,USA,Florida,Home,1,No,Agency,23.392197125256672
C1215,Individual,Charles,Patterson,1994-07-24,M,USA,California,Home,3,No,Website,29.440109514031484
C1216,Individual,Martha,Jordan,1997-07-10,F,France,Normandy,Home,4,No,Website,26.477754962354553
C1217,Individual,William,Carter,1997-01-05,M,USA,California,Investment,4,Yes,Website,26.986995208761122
C1218,Individual,Teresa,Smith,1941-12-28,F,USA,California,Home,1,Yes,Website,82.00958247775496
C1219,Individual,Danielle,Howard,1983-12-06,F,USA,Arizona,Home,1,Yes,Website,40.07118412046543
C1220,Individual,Christina,Martin,1967-09-08,F,USA,Colorado,Investment,4,Yes,Website,56.31485284052019
C1221,Individual,Cynthia,Thomas,1984-05-23,F,USA,Nevada,Investment,2,No,Agency,39.60848733744011
C1222,Individual,Christopher,Taylor,1969-01-07,M,USA,Utah,Home,4,No,Website,54.98151950718686
C1223,Individual,Sharon,Stone,1952-09-17,F,USA,Washington,Home,4,No,Website,71.28815879534565
C1224,Individual,Paul,Carter,1942-06-13,M,USA,New York,Investment,5,Yes,Client,81.55236139630391
C1225,Individual,Larry,James,1990-11-10,M,USA,Oregon,Home,2,No,Website,33.14168377823409
C1226,Individual,Michael,Sanders,1989-05-01,M,USA,Utah,Home,4,No,Website,34.6694045174538
C1227,Individual,Alexander,Reyes,1987-03-13,M,USA,Colorado,Home,3,Yes,Agency,36.80492813141684
C1228,Individual,Joseph,Howard,1954-07-07,M,USA,California,Home,2,No,Website,69.48665297741273
C1229,Individual,Madison,Reyes,1994-11-02,F,UK,Scotland,Home,1,Yes,Website,29.163586584531142
C1230,Individual,Lawrence,Parker,1985-02-18,M,USA,California,Home,5,No,Client,38.86652977412731
C1231,Individual,Betty,Carter,1954-12-09,F,USA,California,Home,2,No,Agency,69.06228610540725
C1232,Individual,Mary,Jackson,1989-09-23,F,Canada,British Columbia,Home,3,No,Website,34.27241615331965
C1233,Individual,Brian,Scott,1979-08-05,M,USA,Utah,Home,4,No,Website,44.407939767282684
C1234,Individual,Karen,King,1957-01-20,F,USA,Colorado,Investment,1,No,Website,66.94592744695414
C1235,Individual,Michael,Morales,1957-05-27,M,USA,Arizona,Home,2,No,Website,66.59822039698837
C1236,Individual,Brandon,Cook,1972-08-24,M,USA,Arizona,Home,4,Yes,Website,51.35386721423682
C1237,Individual,Helen,Cook,1943-09-25,F,UK,Wales,Investment,4,Yes,Website,80.26830937713895
C1238,Individual,Joshua,Bennett,1946-04-22,M,USA,Nevada,Home,1,Yes,Agency,77.69472963723477
C1239,Individual,Catherine,Adams,1953-02-07,F,USA,Oregon,Home,3,No,Agency,70.89664613278576
C1240,Individual,Gloria,Wright,1984-11-12,F,USA,Nevada,Investment,4,Yes,Website,39.134839151266256
C1241,Individual,Danielle,Martin,1973-08-19,F,USA,California,Home,1,No,Agency,50.36824093086927
C1242,Individual,Gerald,Collins,1961-09-22,M,USA,California,Home,3,Yes,Website,62.275154004106774
C1243,Individual,Jeffrey,Edwards,1948-10-04,M,USA,Colorado,Home,1,No,Website,75.24161533196441
C1244,Individual,Joseph,Phillips,1992-06-10,M,USA,Utah,Investment,5,Yes,Website,31.55920602327173
C1245,Individual,Edward,Reyes,1963-02-10,M,USA,California,Home,3,Yes,Agency,60.889801505817935
C1246,Individual,Joyce,Jackson,1943-05-10,F,Canada,Alberta,Home,2,No,Agency,80.64613278576317
C1247,Individual,Judy,Moore,1957-04-09,F,USA,Nevada,Investment,2,No,Website,66.7296372347707
C1248,Individual,Sara,Scott,1976-07-04,F,USA,Arizona,Home,3,No,Agency,47.493497604380565
C1249,Individual,Janet,James,1971-07-14,F,USA,California,Investment,1,No,Website,52.46817248459959
C1250,Individual,Jordan,Stewart,1950-04-19,M,USA,Nevada,Home,5,No,Agency,73.70294318959617
C1251,Individual,Aaron,Thompson,1975-11-01,M,USA,Texas,Investment,5,No,Website,48.167008898015055
C1252,Individual,Margaret,Cook,1962-02-27,F,USA,Arizona,Home,3,Yes,Website,61.842573579739906
C1253,Individual,Jason,Flores,1991-09-24,M,USA,California,Home,2,No,Agency,32.271047227926076
C1254,Individual,Ethan,Freeman,1956-04-04,M,USA,California,Home,5,Yes,Agency,67.74264202600958
C1255,Individual,Mark,Patterson,1999-09-15,M,USA,California,Home,3,No,Agency,24.295687885010267
C1256,Company,Triton,Co,1972-02-18,F,USA,California,Investment,4,No,Agency,51.86858316221766
C1257,Individual,Michael,Scott,1991-12-22,M,USA,California,Home,5,Yes,Agency,32.02737850787132
C1258,Individual,Betty,Stone,1969-06-22,F,USA,Nevada,Home,1,No,Website,54.52703627652293
C1259,Individual,William,Edwards,1971-02-19,M,USA,California,Investment,3,Yes,Agency,52.865160848733744
C1260,Individual,Elizabeth,Ward,1992-08-24,F,USA,California,Home,2,No,Agency,31.353867214236825
C1261,Individual,Patrick,Kim,1976-09-03,M,USA,Utah,Home,3,No,Client,47.3264887063655
C1262,Individual,Dorothy,Evans,1950-11-10,F,USA,California,Investment,4,No,Agency,73.14168377823408
C1263,Individual,Lawrence,Alexander,1951-11-17,M,USA,California,Investment,3,No,Agency,72.12320328542094
C1264,Individual,Sarah,Garcia,1999-12-06,F,USA,California,Investment,1,No,Agency,24.071184120465436
C1265,Individual,Gary,White,1943-03-24,M,USA,Washington,Home,1,Yes,Agency,80.77481177275838
C1266,Individual,Christopher,Hughes,1952-06-20,M,UK,England,Home,2,No,Website,71.53182751540041
C1267,Individual,Dorothy,Peterson,1965-04-07,F,USA,Colorado,Home,3,Yes,Website,58.73511293634497
C1268,Individual,Gloria,Green,1995-10-01,F,UK,Northern Ireland,Investment,1,Yes,Website,28.251882272416154
C1269,Individual,Jack,Bennett,1964-09-28,M,USA,California,Home,5,No,Website,59.2580424366872
C1270,Individual,Cheryl,Ward,1978-10-18,F,USA,Texas,Home,4,No,Agency,45.204654346338124
C1271,Individual,Noah,Anderson,1992-09-10,M,USA,California,Home,2,Yes,Agency,31.307323750855577
C1272,Individual,Ryan,Collins,1941-05-13,M,France,Occitanie,Home,1,Yes,Website,82.63655030800821
C1273,Individual,Gerald,Jordan,1968-05-13,M,Canada,Alberta,Home,5,No,Website,55.63586584531143
C1274,Individual,Linda,Jones,1979-07-09,F,USA,California,Investment,1,Yes,Website,44.48186173853525
C1275,Individual,Jessica,Roberts,1969-02-26,F,USA,Georgia,Investment,1,No,Website,54.84462696783025
C1276,Individual,Arthur,Griffin,1940-03-09,M,Australia,Victoria,Home,1,Yes,Agency,83.81382614647502
C1277,Individual,Lauren,Griffin,1981-04-01,F,USA,California,Investment,2,No,Agency,42.75154004106776
C1278,Individual,Arthur,Griffin,1997-07-25,M,USA,Utah,Home,4,No,Website,26.43668720054757
C1279,Individual,Peter,Martin,1943-10-12,M,USA,California,Home,4,Yes,Website,80.22176591375771
C1280,Individual,Jacob,Bennett,1953-09-19,M,USA,Texas,Home,2,Yes,Website,70.28336755646818
C1281,Individual,Deborah,Edwards,1998-06-12,F,Canada,Manitoba,Investment,2,Yes,Website,25.555099247091032
C1282,Individual,Ashley,Taylor,1996-05-18,F,USA,Colorado,Investment,3,Yes,Agency,27.62217659137577
C1283,Individual,Janice,Collins,1945-11-08,F,USA,New York,Home,3,No,Agency,78.14647501711157
C1284,Individual,Patrick,Bennett,1955-10-16,M,USA,California,Home,2,No,Website,68.21081451060917
C1285,Individual,Steven,Cox,1954-03-02,M,USA,Utah,Home,4,Yes,Website,69.83436002737851
C1286,Individual,Stephen,Evans,1963-07-10,M,USA,California,Home,5,No,Agency,60.479123887748116
C1287,Individual,Diane,Hughes,1998-04-07,F,USA,California,Investment,4,No,Website,25.73579739904175
C1288,Individual,Sean,Cooper,1941-01-20,M,Belgium,Wallonia,Home,3,No,Agency,82.94592744695414
C1289,Individual,Samuel,Freeman,1973-07-26,M,Mexico,Jalisco,Investment,1,Yes,Agency,50.43394934976044
C1290,Individual,Teresa,Long,1973-10-24,F,USA,Washington,Home,3,Yes,Website,50.18754277891855
C1291,Individual,Paul,Johnson,1983-11-09,M,USA,California,Investment,5,Yes,Website,40.145106091718
C1292,Individual,Jordan,Evans,1977-05-22,M,USA,Texas,Investment,5,Yes,Website,46.61190965092403
C1293,Individual,Anna,Wright,1972-08-01,F,USA,California,Home,1,No,Agency,51.41683778234086
C1294,Individual,Henry,Davis,1963-02-09,M,Canada,Ontario,Investment,3,Yes,Agency,60.89253935660506
C1295,Individual,Anna,Bryant,1992-04-21,F,USA,California,Investment,1,Yes,Website,31.696098562628336
C1296,Individual,Keith,Hughes,1963-06-02,M,USA,Virginia,Home,1,No,Website,60.58316221765914
C1297,Company,Vertex,Co,1983-09-06,M,Germany,Berlin,Home,5,No,Website,40.32032854209446
C1298,Individual,Margaret,Taylor,1968-08-04,F,USA,California,Home,2,No,Agency,55.408624229979466
C1299,Individual,Karen,James,1944-05-05,F,USA,California,Investment,3,No,Website,79.65776865160849
C1300,Individual,Judith,Collins,1961-01-06,F,USA,California,Home,2,No,Website,62.98425735797399
C1301,Individual,Benjamin,Hayes,1955-12-17,M,USA,Virginia,Home,2,No,Agency,68.04106776180699
C1302,Individual,Jerry,Anderson,1996-04-19,M,USA,Arizona,Investment,5,No,Website,27.701574264202602
C1303,Individual,Christian,Miller,1962-08-22,M,USA,Arizona,Home,3,Yes,Website,61.360711841204655
C1304,Individual,Angela,Cook,1985-06-08,F,USA,California,Investment,1,No,Website,38.56536618754278
C1305,Individual,Catherine,Anderson,1978-09-17,F,USA,Georgia,Home,4,No,Website,45.28952772073922
C1306,Individual,Kathleen,Morales,1948-03-18,F,USA,Washington,Home,5,No,Website,75.78918548939083
C1307,Individual,Rachel,Rogers,1993-02-14,F,USA,Colorado,Home,5,No,Agency,30.87748117727584
C1308,Individual,Timothy,Sanders,2000-03-04,M,USA,California,Investment,5,No,Agency,23.82751540041068
C1309,Individual,David,Reyes,1999-12-06,M,USA,California,Home,5,No,Website,24.071184120465436
C1310,Individual,Ann,Roberts,1955-05-04,F,USA,New York,Home,5,No,Agency,68.66255989048597
C1311,Individual,Christopher,Ward,1940-08-14,M,UK,England,Home,4,Yes,Client,83.38124572210815
C1312,Individual,Timothy,Stone,1942-09-03,M,USA,New York,Home,5,No,Website,81.32785763175907
C1313,Individual,Heather,Reed,1972-03-17,F,Australia,Western Australia,Investment,3,No,Website,51.79192334017796
C1314,Individual,Rachel,Miller,1964-09-17,F,USA,Arizona,Home,3,No,Website,59.28815879534565
C1315,Individual,Joshua,Garcia,1948-12-24,M,USA,Colorado,Home,3,No,Agency,75.0198494182067
C1316,Individual,Emma,King,1993-05-09,F,USA,Colorado,Home,2,Yes,Website,30.647501711156742
C1317,Company,Atlas,Co,1973-11-27,M,USA,Utah,Home,2,Yes,Website,50.09445585215606
C1318,Individual,William,Montgomery,1943-01-18,M,USA,Texas,Home,1,No,Website,80.95277207392198
C1319,Individual,Grace,James,1954-08-17,F,USA,Florida,Home,3,Yes,Client,69.37440109514031
C1320,Individual,Peter,Reyes,1969-05-03,M,USA,California,Investment,1,No,Website,54.66392881587954
C1321,Individual,Christopher,Reed,1990-09-11,M,USA,Colorado,Investment,5,No,Client,33.30595482546201
C1322,Individual,Barbara,Reyes,1994-12-26,F,USA,California,Home,5,No,Agency,29.01574264202601
C1323,Individual,Nicholas,Moore,1963-07-28,M,USA,Utah,Home,3,No,Website,60.42984257357974
C1324,Individual,Carl,Edwards,1992-04-21,M,USA,Arizona,Investment,2,Yes,Agency,31.696098562628336
C1325,Individual,George,Jones,1974-12-09,M,Canada,Alberta,Home,5,Yes,Agency,49.06228610540725
C1326,Individual,Brandon,Mitchell,1944-05-22,M,USA,Colorado,Investment,4,No,Website,79.61122518822724
C1327,Individual,Betty,Carter,1993-05-14,F,USA,California,Home,4,Yes,Website,30.633812457221083
C1328,Individual,Sandra,Cooper,1956-07-23,F,USA,Washington,Home,4,No,Website,67.44147843942505
C1329,Individual,Scott,Parker,1968-04-28,M,USA,California,Investment,3,Yes,Agency,55.676933607118414
C1330,Individual,Kelly,James,1975-05-02,F,USA,Colorado,Investment,2,No,Agency,48.668035592060235
C1331,Individual,Christina,Bennett,1986-10-06,F,USA,California,Investment,1,No,Agency,37.23750855578371
C1332,Individual,Michael,Howard,1995-12-11,M,USA,Washington,Investment,5,Yes,Agency,28.057494866529773
C1333,Individual,Jack,Hansen,1988-03-27,M,USA,Nevada,Investment,2,Yes,Website,35.76454483230664
C1334,Individual,Victoria,Nelson,1965-12-08,F,USA,California,Home,5,Yes,Agency,58.064339493497606
C1335,Individual,Elizabeth,Hall,1982-05-01,F,USA,Oregon,Investment,2,Yes,Website,41.67008898015058
C1336,Individual,Joyce,Thompson,1948-12-09,F,USA,California,Home,5,No,Client,75.06091718001369
C1337,Individual,Jennifer,Johnson,1953-09-20,F,USA,California,Investment,5,No,Website,70.28062970568104
C1338,Individual,Christine,James,1968-12-01,F,USA,California,Home,2,Yes,Website,55.082819986310746
C1339,Company,Rexon,Co,1961-02-24,M,USA,Nevada,Home,4,Yes,Website,62.85010266940452
C1340,Company,Forsyte,Co,1988-12-05,M,USA,Colorado,Home,5,No,Website,35.07186858316222
C1341,Individual,Julie,Cox,1952-09-23,F,USA,Colorado,Home,5,Yes,Website,71.27173169062286
C1342,Individual,Maria,Griffin,1964-02-21,F,USA,California,Home,1,Yes,Agency,59.860369609856264
C1343,Individual,Megan,Turner,1995-03-13,F,Canada,Ontario,Home,5,No,Agency,28.804928131416837
C1344,Individual,Carl,Phillips,1974-05-24,M,USA,Florida,Home,1,No,Agency,49.607118412046546
C1345,Individual,Mary,Parker,1956-04-25,F,USA,Texas,Home,5,No,Website,67.68514715947981
C1346,Company,Triton,Co,1987-03-18,F,USA,Colorado,Investment,4,No,Agency,36.79123887748118
C1347,Individual,Mark,James,1956-02-13,M,USA,Washington,Home,2,No,Client,67.88227241615331
C1348,Individual,Peter,Harris,1998-07-16,M,USA,Oregon,Home,4,Yes,Client,25.462012320328544
C1349,Individual,Joyce,Johnson,1982-02-14,F,USA,Virginia,Investment,3,No,Website,41.87816563997262
C1350,Individual,Julia,King,1991-05-17,F,Germany,Hamburg,Home,5,No,Website,32.62696783025325
C1351,Individual,Judith,Long,1987-06-24,F,Australia,South Australia,Home,2,No,Client,36.52292950034223
C1352,Individual,Benjamin,Gray,1989-03-16,M,USA,California,Home,2,Yes,Agency,34.795345653661876
C1353,Individual,Debra,Jackson,1997-10-15,F,Canada,Alberta,Home,1,No,Agency,26.21218343600274
C1354,Individual,Patrick,Johnson,1941-04-09,M,USA,Florida,Home,5,No,Website,82.7296372347707
C1355,Individual,Shirley,Owens,1966-11-22,F,USA,California,Investment,2,Yes,Client,57.1088295687885
C1356,Individual,Jonathan,Morales,1994-03-26,M,USA,Oregon,Investment,4,No,Agency,29.76865160848734
C1357,Individual,Danielle,Patterson,1987-03-01,F,USA,California,Home,5,Yes,Website,36.837782340862425
C1358,Individual,Gregory,Taylor,1943-01-05,M,USA,Texas,Home,4,No,Agency,80.9883641341547
C1359,Individual,Gary,Owens,1975-07-25,M,USA,Virginia,Home,3,No,Agency,48.43805612594114
C1360,Individual,Billy,Nelson,1990-11-27,M,USA,Virginia,Home,4,No,Agency,33.09514031485284
C1361,Individual,Ashley,Owens,1943-07-21,F,USA,California,Home,3,No,Client,80.44900752908967
C1362,Individual,Laura,Jordan,1965-04-13,F,USA,California,Investment,1,Yes,Agency,58.718685831622174
C1363,Individual,James,Stone,1981-06-04,M,USA,Georgia,Home,5,Yes,Agency,42.57631759069131
C1364,Individual,Andrea,Watson,1998-12-23,F,USA,California,Investment,1,No,Website,25.023956194387406
C1365,Individual,Tiffany,Sanders,1969-03-16,F,Belgium,Brussels,Investment,5,Yes,Website,54.795345653661876
C1366,Individual,George,Thompson,1995-07-27,M,USA,California,Home,1,No,Website,28.432580424366872
C1367,Individual,Stephanie,Jordan,1953-01-11,F,Germany,Berlin,Home,2,No,Client,70.97056810403834
C1368,Individual,Jose,Gray,1947-11-22,M,USA,California,Home,5,Yes,Client,76.10951403148529
C1369,Individual,Peter,Garcia,1983-10-07,M,France,Brittany,Home,4,Yes,Agency,40.23545516769336
C1370,Individual,Frank,Evans,1965-06-04,M,USA,Colorado,Investment,1,No,Agency,58.57631759069131
C1371,Individual,Timothy,Thomas,1989-06-19,M,UK,England,Home,2,Yes,Website,34.535249828884325
C1372,Individual,Lisa,Turner,1981-11-21,F,USA,Washington,Investment,2,No,Website,42.110882956878854
C1373,Individual,Melissa,Evans,1992-10-11,F,USA,California,Home,3,Yes,Website,31.222450376454482
C1374,Company,Quasar,Co,1990-01-25,M,France,Ile-de-France,Home,3,Yes,Agency,33.93292265571527
C1375,Individual,Carolyn,Flores,1972-11-22,F,USA,California,Investment,4,Yes,Agency,51.10746064339494
C1376,Individual,Carolyn,Edwards,1987-06-23,F,USA,Arizona,Investment,3,Yes,Agency,36.525667351129364
C1377,Individual,Laura,Long,1984-01-04,F,USA,Utah,Investment,2,No,Website,39.9917864476386
C1378,Individual,Maria,Morales,1976-11-19,F,USA,California,Investment,1,No,Website,47.115674195756334
C1379,Individual,Kevin,Gray,1970-06-11,M,UK,Scotland,Home,2,No,Website,53.55783709787816
C1380,Individual,Michael,Hughes,1949-10-15,M,Canada,Alberta,Investment,4,No,Website,74.21218343600273
C1381,Individual,Eric,Cox,1962-06-16,M,Germany,Hesse,Home,3,Yes,Website,61.544147843942504
C1382,Individual,Adam,James,1951-05-19,M,USA,Oregon,Home,2,No,Website,72.62149212867898
C1383,Individual,Noah,Moore,1992-11-11,M,USA,California,Home,2,No,Agency,31.137577002053387
C1384,Individual,Mary,Young,1988-03-10,F,USA,California,Home,2,Yes,Agency,35.81108829568789
C1385,Individual,Kenneth,Owens,1946-06-01,M,USA,California,Home,1,No,Agency,77.58521560574948
C1386,Individual,Harold,Howard,1947-08-23,M,USA,Washington,Home,4,Yes,Website,76.3586584531143
C1387,Individual,Jose,Reed,1943-05-27,M,Germany,Hamburg,Investment,4,No,Website,80.59958932238193
C1388,Individual,Hannah,Stone,1999-04-20,F,USA,Washington,Home,3,No,Website,24.700889801505816
C1389,Individual,Jordan,Montgomery,1952-07-03,M,UK,Scotland,Home,2,No,Website,71.49623545516769
C1390,Individual,Lauren,Thomas,1979-07-21,F,USA,Nevada,Home,3,No,Website,44.44900752908966
C1391,Individual,Barbara,Campbell,1974-03-06,F,USA,Utah,Home,1,No,Website,49.82340862422998
C1392,Individual,Jose,Johnson,1990-06-05,M,USA,Colorado,Home,4,Yes,Agency,33.57426420260096
C1393,Individual,Virginia,Miller,1981-07-09,F,Mexico,Baja California,Investment,1,No,Agency,42.48049281314169
C1394,Individual,Debra,Hansen,1977-02-26,F,USA,Nevada,Home,4,No,Website,46.84462696783025
C1395,Individual,Megan,Campbell,1988-09-27,F,Canada,Alberta,Investment,4,No,Website,35.26078028747433
C1396,Individual,Steven,Foster,1971-06-02,M,Canada,Manitoba,Investment,3,Yes,Website,52.58316221765914
C1397,Individual,Linda,Chavez,1983-03-10,F,USA,Nevada,Home,4,No,Website,40.813141683778234
C1398,Individual,Alexander,Jones,1966-12-13,M,USA,California,Home,5,Yes,Website,57.05133470225873
C1399,Individual,Lauren,Evans,1978-08-23,F,Canada,British Columbia,Home,5,No,Agency,45.35797399041752
C1400,Individual,Maria,Jones,1991-10-24,F,UK,Northern Ireland,Home,4,No,Client,32.18891170431211
C1401,Individual,Virginia,Brooks,1999-03-24,F,USA,Virginia,Investment,1,No,Website,24.774811772758383
C1402,Individual,Helen,Jordan,1968-09-28,F,USA,Utah,Home,3,No,Agency,55.2580424366872
C1403,Individual,Pamela,Scott,1983-09-22,F,USA,Oregon,Home,2,No,Website,40.276522929500345
C1404,Individual,Sharon,Williams,1950-07-22,F,USA,California,Home,4,No,Agency,73.44558521560575
C1405,Individual,Ryan,Williams,1955-06-08,M,USA,Oregon,Home,5,No,Agency,68.56673511293634
C1406,Individual,Sara,Wood,1970-09-01,F,USA,California,Home,3,No,Website,53.333333333333336
C1407,Individual,Sharon,Hansen,1956-03-22,F,USA,California,Home,1,No,Agency,67.77823408624229
C1408,Company,Grandis,Co,1963-11-13,F,USA,California,Home,2,No,Agency,60.134154688569474
C1409,Individual,Katherine,Price,1957-08-01,F,USA,Oregon,Investment,2,No,Website,66.41752224503765
C1410,Individual,Jennifer,Edwards,1965-12-16,F,USA,Nevada,Home,2,No,Agency,58.04243668720055
C1411,Individual,Anthony,Watson,1987-04-04,M,USA,California,Home,2,No,Client,36.74469541409993
C1412,Company,Optima,Co,1985-06-28,F,USA,Nevada,Home,2,No,Agency,38.510609171800134
C1413,Individual,Margaret,Rogers,1968-09-18,F,USA,California,Home,4,No,Agency,55.285420944558524
C1414,Individual,Michelle,Wright,1975-05-01,F,USA,Florida,Home,4,No,Website,48.67077344284736
C1415,Individual,Tyler,Murray,1959-07-14,M,USA,California,Investment,1,No,Website,64.46817248459959
C1416,Individual,Bryan,Peterson,1954-07-01,M,USA,Oregon,Home,2,No,Agency,69.50308008213553
C1417,Individual,Dennis,Williams,1953-10-26,M,UK,Scotland,Home,5,No,Website,70.18206707734429
C1418,Individual,Kyle,Cox,1954-04-06,M,USA,Ohio,Investment,2,No,Website,69.73853524982889
C1419,Individual,Jason,Peterson,1971-08-08,M,Germany,Hamburg,Investment,4,Yes,Website,52.39972621492129
C1420,Company,Terova,Co,1981-10-20,M,UK,Wales,Home,5,No,Website,42.19849418206708
C1421,Individual,James,Jones,1957-11-14,M,USA,Colorado,Home,1,No,Website,66.13004791238878
C1422,Individual,Billy,Hansen,1955-01-15,M,USA,Florida,Investment,1,Yes,Website,68.96098562628337
C1423,Individual,Jack,Brooks,1955-09-21,M,UK,Northern Ireland,Home,4,Yes,Website,68.27926078028747
C1424,Individual,Judy,Harris,1954-03-12,F,USA,Utah,Home,2,Yes,Agency,69.80698151950719
C1425,Individual,Raymond,Taylor,1971-12-16,M,Belgium,Flanders,Home,3,No,Website,52.04380561259411
C1426,Individual,Christina,Campbell,1964-05-20,F,USA,Washington,Home,2,No,Website,59.61670088980151
C1427,Individual,Julia,Richardson,1955-05-10,F,Australia,Victoria,Home,5,No,Website,68.64613278576317
C1428,Individual,Nicole,Allen,1953-12-05,F,USA,Oregon,Home,4,Yes,Agency,70.072553045859
C1429,Individual,Jesse,Stewart,1991-10-01,M,USA,Nevada,Investment,5,No,Agency,32.251882272416154
C1430,Individual,Patrick,Allen,1963-09-11,M,USA,Nevada,Home,4,No,Website,60.3066392881588
C1431,Individual,Melissa,Griffin,1943-07-01,F,Germany,Hesse,Home,3,Yes,Website,80.50376454483231
C1432,Individual,Larry,Weaver,1951-12-26,M,USA,Utah,Home,3,No,Agency,72.0164271047228
C1433,Individual,Christian,Mitchell,1953-04-12,M,Germany,Hamburg,Home,4,No,Website,70.72142368240931
C1434,Company,Terova,Co,1985-06-25,F,USA,California,Investment,5,No,Agency,38.51882272416153
C1435,Individual,Zachary,Morales,1967-04-08,M,USA,Texas,Investment,2,No,Agency,56.733744010951405
C1436,Individual,Kyle,Wright,1998-10-09,M,USA,California,Home,2,No,Website,25.229295003422312
C1437,Individual,Gerald,Stewart,1997-04-08,M,USA,Arizona,Investment,5,No,Agency,26.732375085557837
C1438,Individual,Benjamin,Taylor,1988-08-04,M,USA,California,Home,2,Yes,Agency,35.408624229979466
C1439,Individual,Helen,Morales,2000-10-14,F,USA,Virginia,Home,2,No,Agency,23.21423682409309
C1440,Individual,Mary,Phillips,1952-07-20,F,USA,Colorado,Investment,2,No,Agency,71.44969199178645
C1441,Individual,Helen,Campbell,1945-09-08,F,USA,California,Investment,5,No,Website,78.31348391512662
C1442,Individual,Timothy,Foster,2000-06-17,M,USA,Colorado,Home,2,Yes,Client,23.540041067761805
C1443,Individual,Betty,Hughes,1979-11-22,F,USA,Florida,Home,2,No,Website,44.10951403148528
C1444,Individual,Frank,Alexander,1981-06-25,M,USA,Colorado,Home,3,No,Website,42.51882272416153
C1445,Individual,Gregory,Hall,1988-07-26,M,USA,Florida,Home,5,No,Website,35.43326488706366
C1446,Individual,Amber,Gray,1951-12-09,F,USA,Ohio,Home,4,No,Website,72.06297056810403
C1447,Individual,Janet,Rogers,1972-05-14,F,USA,Nevada,Investment,4,Yes,Client,51.6331279945243
C1448,Individual,Henry,Ward,1959-03-15,M,Russia,Tatarstan,Home,1,No,Website,64.79945242984257
C1449,Individual,Nicole,Cox,1999-06-14,F,USA,California,Investment,5,No,Website,24.550308008213552
C1450,Individual,Pamela,White,1996-04-06,F,USA,Virginia,Home,5,No,Website,27.737166324435318
C1451,Individual,Hannah,Turner,1983-10-19,F,USA,California,Home,1,No,Website,40.20260095824778
C1452,Individual,Kelly,Edwards,1993-08-05,F,Belgium,Wallonia,Home,3,No,Client,30.406570841889117
C1453,Individual,Kenneth,Stone,1981-10-07,M,USA,California,Home,2,No,Agency,42.234086242299796
C1454,Individual,Ann,Kim,1948-05-23,F,USA,California,Investment,1,No,Client,75.60848733744011
C1455,Individual,Christina,Nelson,1989-06-15,F,USA,Colorado,Home,3,Yes,Agency,34.54620123203286
C1456,Company,Quasar,Co,1992-06-26,F,USA,Oregon,Investment,1,Yes,Website,31.515400410677618
C1457,Individual,Julie,Foster,1949-01-27,F,USA,California,Home,3,Yes,Agency,74.92676249144422
C1458,Individual,Keith,Reed,1950-09-16,M,USA,Arizona,Home,1,No,Website,73.29226557152636
C1459,Individual,Terry,Hall,1949-09-28,M,USA,Arizona,Home,5,No,Website,74.25872689938399
C1460,Individual,Pamela,Long,1972-12-05,F,UK,England,Home,1,Yes,Agency,51.07186858316222
C1461,Individual,Gloria,Reyes,1944-01-13,F,USA,California,Home,5,No,Website,79.96714579055441
C1462,Individual,Virginia,Allen,1984-04-19,F,Germany,Hamburg,Investment,3,No,Agency,39.7015742642026
C1463,Individual,Lawrence,Ward,1943-12-28,M,USA,California,Home,2,Yes,Website,80.01095140314852
C1464,Individual,Terry,Weaver,1940-01-25,M,USA,Arizona,Home,1,No,Website,83.93429158110882
C1465,Individual,Edward,Stewart,1990-07-09,M,USA,Ohio,Home,3,Yes,Website,33.48117727583847
C1466,Individual,Ashley,Howard,1999-08-28,F,Belgium,Flanders,Investment,2,No,Website,24.344969199178646
C1467,Individual,Rebecca,Adams,1951-07-19,F,USA,California,Home,5,No,Client,72.45448323066393
C1468,Individual,Jason,Martin,1940-08-24,M,Canada,Manitoba,Home,3,No,Website,83.35386721423683
C1469,Individual,Keith,Richardson,1970-05-17,M,USA,Colorado,Home,1,No,Website,53.62628336755647
C1470,Individual,Alexander,Richardson,1940-05-27,M,USA,Colorado,Investment,3,Yes,Agency,83.59753593429159
C1471,Individual,Judith,Williams,1940-05-24,F,UK,Northern Ireland,Home,1,Yes,Website,83.60574948665298
C1472,Individual,Paul,Flores,1991-03-23,M,USA,Washington,Home,1,No,Website,32.77754962354552
C1473,Individual,Maria,Freeman,1974-03-14,F,USA,California,Home,2,No,Agency,49.80150581793292
C1474,Individual,Kevin,Brown,1969-04-10,M,USA,Oregon,Home,3,No,Website,54.72689938398357
C1475,Individual,Raymond,Brown,1944-08-02,M,Mexico,Jalisco,Home,4,Yes,Agency,79.41409993155374
C1476,Individual,Kevin,Jackson,2000-06-08,M,USA,Nevada,Home,1,No,Agency,23.564681724845997
C1477,Company,Zynex,Co,1968-04-10,F,USA,California,Investment,1,No,Agency,55.72621492128679
C1478,Individual,Emily,Reed,1958-09-12,F,Canada,British Columbia,Investment,1,No,Agency,65.30321697467488
C1479,Individual,Paul,Carter,1968-03-26,M,USA,California,Investment,1,No,Website,55.76728268309377
C1480,Individual,Danielle,White,1985-04-09,F,USA,Virginia,Investment,3,No,Client,38.729637234770706
C1481,Company,Caldera,Co,1984-12-04,F,USA,Arizona,Investment,3,No,Website,39.07460643394935
C1482,Individual,Kimberly,Murray,1953-01-24,F,USA,Oregon,Home,2,Yes,Website,70.93497604380562
C1483,Individual,Gary,Hall,1975-06-01,M,USA,Colorado,Home,3,Yes,Agency,48.58590006844627
C1484,Individual,Christina,Nelson,1971-10-09,F,USA,Colorado,Home,3,No,Client,52.2299794661191
C1485,Individual,Rachel,Scott,1984-06-26,F,USA,Washington,Investment,4,No,Website,39.51540041067762
C1486,Individual,Madison,Campbell,1996-06-14,F,UK,Wales,Home,5,Yes,Website,27.548254620123203
C1487,Individual,Sandra,Martin,1965-12-10,F,USA,New York,Home,3,No,Agency,58.05886379192334
C1488,Individual,Keith,Scott,1975-09-07,M,USA,Florida,Investment,2,No,Website,48.31759069130732
C1489,Individual,Gloria,Montgomery,1951-03-19,F,USA,Arizona,Home,5,No,Agency,72.78850102669405
C1490,Individual,Dennis,Hall,1994-11-06,M,UK,Wales,Investment,5,Yes,Client,29.152635181382614
C1491,Individual,Rebecca,Evans,1997-07-10,F,USA,Georgia,Home,4,No,Agency,26.477754962354553
C1492,Individual,Mary,Taylor,1984-12-18,F,Germany,Bavaria,Home,2,No,Agency,39.0362765229295
C1493,Individual,Thomas,Bennett,1992-03-16,M,USA,Washington,Home,4,Yes,Agency,31.794661190965094
C1494,Individual,Nicholas,Cooper,1996-04-09,M,USA,New York,Home,1,No,Client,27.72895277207392
C1495,Individual,Jason,Hughes,1991-11-09,M,Denmark,Capital Region,Home,1,No,Website,32.145106091718
C1496,Individual,Bryan,Patterson,1986-11-15,M,USA,Florida,Home,5,No,Agency,37.12799452429842
C1497,Individual,Samuel,Parker,1940-01-13,M,USA,California,Investment,4,No,Agency,83.96714579055441
C1498,Individual,Nicole,Carter,1967-02-03,F,Mexico,Puebla,Investment,5,No,Website,56.90896646132786
C1499,Individual,Lauren,Gray,1997-11-04,F,Russia,Saint Petersburg,Home,3,Yes,Agency,26.157426420260094
C1500,Individual,Shirley,Ward,1995-01-04,F,Australia,Victoria,Home,2,No,Agency,28.99110198494182
C1501,Individual,Brenda,White,1951-12-16,F,USA,Oregon,Investment,4,No,Agency,72.04380561259411
C1502,Individual,Elizabeth,Weaver,1994-10-27,F,UK,Wales,Home,5,Yes,Website,29.180013689253936
C1503,Company,Triton,Co,1986-08-21,M,USA,Arizona,Investment,5,No,Website,37.36344969199179
C1504,Individual,Patrick,Hughes,1946-08-19,M,USA,California,Home,4,No,Website,77.36892539356604
C1505,Individual,William,Cook,1994-05-14,M,USA,Virginia,Home,3,No,Agency,29.634496919917865
C1506,Individual,Larry,Price,1950-01-11,M,USA,Utah,Investment,3,No,Website,73.97125256673512
C1507,Individual,Joyce,Cooper,1951-03-28,F,USA,Florida,Home,3,No,Agency,72.76386036960986
C1508,Individual,Benjamin,Morris,1994-12-03,M,UK,Scotland,Home,3,No,Agency,29.078713210130047
C1509,Individual,Rebecca,Campbell,1946-12-16,F,USA,California,Home,3,No,Website,77.04312114989733
C1510,Company,Altira,Co,1962-12-01,M,USA,California,Home,5,No,Agency,61.08418891170431
C1511,Individual,Ann,Hansen,1989-07-20,F,France,Provence,Home,2,Yes,Website,34.450376454483234
C1512,Individual,Anna,Young,1955-06-18,F,USA,Nevada,Home,4,Yes,Client,68.53935660506502
C1513,Individual,Danielle,Morales,1995-06-08,F,USA,Florida,Home,2,No,Website,28.566735112936346
C1514,Individual,Linda,Bryant,1986-12-08,F,USA,New York,Home,4,No,Website,37.06502395619439
C1515,Individual,Angela,Williams,1946-10-16,F,USA,Nevada,Investment,5,No,Website,77.21013004791239
C1516,Individual,Grace,Wood,1953-05-23,F,USA,Texas,Home,4,No,Website,70.60917180013689
C1517,Individual,Benjamin,Chavez,1978-02-23,M,USA,California,Investment,2,No,Agency,45.85352498288843
C1518,Individual,Teresa,Rogers,1994-10-08,F,Australia,Victoria,Home,5,Yes,Agency,29.232032854209447
C1519,Individual,Kyle,Freeman,1972-08-19,M,USA,California,Home,1,No,Agency,51.36755646817249
C1520,Individual,Patrick,Griffin,1945-12-05,M,USA,Utah,Home,1,No,Website,78.072553045859
C1521,Individual,Bryan,Foster,1973-12-25,M,USA,Nevada,Home,4,No,Agency,50.01779603011636
C1522,Individual,Debra,Mitchell,1964-09-14,F,USA,Washington,Home,5,No,Website,59.29637234770705
C1523,Company,Horizon,Co,1981-07-22,M,Australia,Victoria,Investment,3,No,Website,42.444900752908964
C1524,Individual,Jordan,Wilson,1967-07-24,M,USA,Virginia,Home,2,No,Client,56.440793976728266
C1525,Individual,Timothy,Brown,1959-08-24,M,USA,California,Home,1,No,Agency,64.35592060232717
C1526,Individual,Victoria,Howard,1956-08-05,F,USA,California,Home,3,No,Website,67.40588637919234
C1527,Individual,Martha,Thomas,1989-05-13,F,USA,California,Home,1,No,Agency,34.63655030800821
C1528,Individual,Jennifer,Weaver,1997-09-02,F,Germany,Hamburg,Home,1,Yes,Website,26.32991101984942
C1529,Company,Helios,Co,1989-04-19,M,USA,California,Home,4,No,Website,34.70225872689939
C1530,Individual,Sarah,Wright,1988-11-20,F,USA,California,Home,2,No,Website,35.1129363449692
C1531,Individual,Bryan,Cox,1964-03-15,M,France,Brittany,Investment,2,No,Website,59.79739904175222
C1532,Individual,Linda,Freeman,1998-09-26,F,USA,Texas,Home,3,Yes,Website,25.26488706365503
C1533,Individual,Anthony,Bryant,1988-10-05,M,Canada,British Columbia,Home,4,No,Agency,35.238877481177276
C1534,Individual,Sandra,Pierce,1996-06-08,F,USA,California,Home,4,Yes,Website,27.564681724845997
C1535,Individual,Jeremy,Stone,1994-09-03,M,UK,England,Investment,3,No,Agency,29.32785763175907
C1536,Individual,Sara,Baker,1982-06-05,F,USA,Washington,Home,3,No,Website,41.57426420260096
C1537,Individual,Lisa,Foster,1999-08-04,F,USA,Arizona,Home,5,No,Website,24.410677618069816
C1538,Individual,Jessica,Kim,1947-01-07,F,USA,California,Investment,5,No,Website,76.98288843258042
C1539,Individual,Terry,Brown,1997-05-13,M,USA,Nevada,Home,1,No,Agency,26.636550308008214
C1540,Individual,Roger,Cox,1957-12-02,M,USA,California,Home,2,Yes,Client,66.08076659822039
C1541,Individual,Carl,Adams,1964-11-20,M,USA,California,Home,2,No,Website,59.1129363449692
C1542,Individual,Gary,Cook,1989-07-27,M,USA,Nevada,Home,1,Yes,Website,34.431211498973305
C1543,Individual,Virginia,Peterson,1955-11-10,F,USA,New York,Investment,3,No,Agency,68.14236824093086
C1544,Individual,Heather,Evans,1947-04-27,F,Russia,Tatarstan,Home,3,No,Website,76.68172484599589
C1545,Individual,Elizabeth,Price,1992-11-23,F,USA,California,Investment,1,Yes,Website,31.104722792607802
C1546,Individual,Sarah,Scott,1966-06-06,F,Mexico,Puebla,Home,4,Yes,Agency,57.57152635181382
C1547,Individual,Margaret,Martin,1975-04-03,F,USA,Florida,Home,2,Yes,Agency,48.747433264887064
C1548,Company,Telnox,Co,1967-12-26,M,USA,California,Home,2,Yes,Website,56.016427104722794
C1549,Individual,Gary,Reyes,1961-06-15,M,Mexico,Nuevo Leon,Home,4,No,Client,62.54620123203286
C1550,Individual,Jason,Rogers,1998-10-01,M,USA,California,Home,2,No,Agency,25.251197809719372
C1551,Individual,Aaron,Howard,1991-05-17,M,USA,California,Home,2,No,Agency,32.62696783025325
C1552,Individual,Peter,Wilson,1947-04-20,M,USA,California,Investment,2,Yes,Agency,76.70088980150582
C1553,Company,Horizon,Co,1990-03-27,M,USA,Utah,Home,4,No,Agency,33.765913757700204
C1554,Individual,Gregory,Cox,1998-03-04,M,Germany,Bavaria,Home,1,No,Website,25.828884325804243
C1555,Individual,Julia,Martin,1946-04-25,F,UK,England,Home,5,No,Website,77.68651608487338
C1556,Individual,Grace,Wood,1982-11-20,F,USA,Colorado,Investment,2,No,Agency,41.11430527036276
C1557,Individual,Joan,Griffin,1942-03-15,F,USA,New York,Home,2,Yes,Website,81.79876796714579
C1558,Individual,Tyler,Phillips,1944-03-12,M,Mexico,Baja California,Home,4,No,Website,79.80561259411363
C1559,Individual,Sara,Mitchell,1975-03-27,F,UK,England,Home,2,No,Website,48.766598220396986
C1560,Individual,Christina,Hughes,1940-07-15,F,USA,California,Home,4,Yes,Client,83.4633812457221
C1561,Individual,Jeffrey,Green,1964-04-28,M,Mexico,Nuevo Leon,Investment,5,No,Agency,59.676933607118414
C1562,Individual,Maria,Morris,1987-07-05,F,USA,California,Home,4,No,Client,36.492813141683776
C1563,Individual,Susan,Baker,1987-06-18,F,USA,Utah,Home,5,No,Website,36.539356605065024
C1564,Individual,Jason,Wood,1964-11-06,M,USA,Washington,Investment,5,No,Website,59.15126625598905
C1565,Individual,Kenneth,Bennett,1980-08-08,M,Mexico,Jalisco,Home,4,No,Agency,43.397672826830934
C1566,Individual,Anthony,Wilson,1995-01-01,M,USA,California,Home,3,No,Website,28.999315537303218
C1567,Individual,Frank,Wilson,1977-10-11,M,USA,Georgia,Home,4,No,Client,46.223134839151264
C1568,Individual,Betty,Owens,1990-03-06,F,USA,California,Home,5,No,Website,33.82340862422998
C1569,Individual,Pamela,Turner,1993-11-05,F,USA,California,Investment,1,Yes,Website,30.154688569472963
C1570,Individual,Amanda,Williams,1963-12-27,F,USA,Ohio,Home,5,No,Website,60.01368925393566
C1571,Individual,Ethan,Morales,1978-06-03,M,USA,California,Home,2,No,Website,45.57973990417522
C1572,Individual,Donald,Baker,1960-06-10,M,Australia,Queensland,Home,3,No,Agency,63.559206023271734
C1573,Individual,Amanda,Richardson,1946-05-07,F,USA,California,Home,1,No,Website,77.65366187542779
C1574,Individual,Gary,Morris,1984-08-14,M,USA,California,Home,4,No,Website,39.38124572210815
C1575,Individual,Paul,Freeman,2000-12-19,M,USA,California,Home,2,No,Website,23.033538672142367
C1576,Individual,Heather,Cook,1977-09-28,F,USA,Nevada,Investment,3,Yes,Website,46.25872689938399
C1577,Individual,Ethan,Edwards,1983-02-15,M,Germany,Bavaria,Home,3,No,Website,40.876112251882276
C1578,Individual,Mark,Turner,1996-03-12,M,USA,California,Investment,2,No,Website,27.805612594113622
C1579,Individual,Robert,Bell,1945-10-03,M,USA,Arizona,Investment,4,No,Website,78.24503764544832
C1580,Individual,Jordan,Martin,1997-12-05,M,USA,Georgia,Investment,1,Yes,Website,26.072553045859
C1581,Individual,James,Reyes,1950-11-08,M,USA,California,Investment,1,No,Website,73.14715947980835
C1582,Individual,Harold,Baker,1955-08-20,M,France,Ile-de-France,Home,4,Yes,Client,68.3668720054757
C1583,Individual,Peter,Scott,1968-01-03,M,USA,California,Home,2,No,Agency,55.99452429842574
C1584,Company,Nexus,Co,1985-08-12,M,France,Brittany,Investment,1,Yes,Website,38.38740588637919
C1585,Individual,Kevin,Watson,1960-10-10,M,Canada,Ontario,Home,5,No,Website,63.22518822724162
C1586,Individual,Carolyn,Roberts,1967-01-21,F,Germany,Berlin,Home,3,No,Website,56.94455852156057
C1587,Individual,Carl,Cooper,1943-12-02,M,Canada,Quebec,Investment,4,Yes,Agency,80.08213552361396
C1588,Individual,Patricia,Thomas,1980-10-25,F,USA,Utah,Investment,5,No,Website,43.18412046543463
C1589,Individual,Christina,Ward,1953-08-12,F,USA,California,Investment,4,No,Agency,70.3874058863792
C1590,Company,Elara,Co,1979-06-19,F,USA,Oregon,Home,1,No,Website,44.53661875427789
C1591,Individual,Christine,Brooks,1971-08-15,F,USA,California,Investment,4,No,Website,52.380561259411365
C1592,Individual,Heather,Allen,1975-06-01,F,USA,Texas,Investment,2,Yes,Agency,48.58590006844627
C1593,Individual,Anthony,Williams,1975-08-05,M,USA,California,Home,1,No,Website,48.407939767282684
C1594,Individual,Kathleen,Green,1969-10-24,F,USA,Colorado,Home,2,No,Agency,54.18754277891855
C1595,Individual,Charles,Reed,1955-08-20,M,USA,California,Home,5,No,Website,68.3668720054757
C1596,Individual,Frank,Hall,1979-11-10,M,Germany,Berlin,Investment,4,No,Website,44.14236824093087
C1597,Individual,Rachel,Cox,1949-12-28,F,USA,Nevada,Investment,4,Yes,Website,74.00958247775496
C1598,Individual,Angela,Adams,1940-06-23,F,USA,Georgia,Home,4,Yes,Agency,83.52361396303901
C1599,Individual,Stephanie,Thompson,1980-11-19,F,USA,Virginia,Investment,5,Yes,Website,43.115674195756334
C1600,Individual,Jennifer,Rogers,1968-02-13,F,Belgium,Wallonia,Home,5,No,Website,55.88227241615332
C1601,Individual,Tiffany,Parker,1996-08-13,F,Russia,Krasnodar Krai,Home,3,No,Website,27.38398357289528
C1602,Individual,Harold,Turner,1986-11-01,M,USA,Nevada,Investment,4,No,Website,37.16632443531827
C1603,Individual,Hannah,Rogers,1962-09-07,F,UK,England,Home,5,No,Website,61.31690622861054
C1604,Individual,Ronald,Kim,1949-09-10,M,USA,Texas,Home,4,No,Website,74.30800821355236
C1605,Individual,Joshua,Collins,1999-01-21,M,UK,England,Investment,4,Yes,Website,24.944558521560573
C1606,Individual,Zachary,Howard,1965-03-20,M,USA,Washington,Home,1,Yes,Agency,58.784394250513344
C1607,Individual,Emma,Hall,1963-03-11,F,USA,California,Home,3,No,Agency,60.8104038329911
C1608,Individual,Heather,Pierce,1999-11-14,F,UK,England,Home,4,Yes,Website,24.13141683778234
C1609,Individual,Justin,Reed,1964-10-02,M,USA,California,Investment,2,No,Website,59.24709103353867
C1610,Individual,Kenneth,White,1967-03-23,M,USA,California,Investment,3,No,Website,56.77754962354552
C1611,Individual,Sarah,Bryant,1975-09-02,F,USA,Nevada,Investment,4,No,Website,48.33127994524298
C1612,Individual,Jason,Price,1990-02-25,M,USA,California,Home,1,No,Agency,33.84804928131417
C1613,Individual,Ryan,Griffin,1998-01-08,M,Denmark,Southern Denmark,Home,2,Yes,Agency,25.97946611909651
C1614,Individual,Julie,Williams,1968-05-16,F,USA,Utah,Investment,4,No,Website,55.62765229295003
C1615,Individual,Jason,Mitchell,1963-08-01,M,USA,Utah,Home,5,No,Agency,60.41889117043121
C1616,Individual,Aaron,Nelson,1991-09-01,M,UK,Wales,Investment,5,Yes,Website,32.33401779603012
C1617,Individual,Michelle,Baker,1952-10-09,F,USA,California,Home,3,No,Website,71.22792607802874
C1618,Individual,Linda,Price,1962-11-22,F,USA,Washington,Home,2,Yes,Website,61.1088295687885
C1619,Individual,Jason,Baker,1952-10-24,M,Belgium,Wallonia,Home,2,No,Website,71.18685831622176
C1620,Individual,Jacob,Morales,1944-05-07,M,USA,California,Home,1,Yes,Website,79.65229295003422
C1621,Individual,Carl,Wood,1954-06-15,M,USA,Oregon,Investment,2,No,Agency,69.54688569472964
C1622,Individual,Angela,Taylor,1961-02-01,F,USA,Oregon,Home,1,Yes,Website,62.913073237508556
C1623,Individual,Julia,Hall,1994-01-12,F,USA,Oregon,Home,4,No,Website,29.968514715947983
C1624,Individual,Jennifer,Stewart,1951-01-04,F,USA,California,Home,4,Yes,Website,72.99110198494182
C1625,Individual,Harold,Wright,2000-02-03,M,Australia,Western Australia,Home,4,No,Agency,23.90965092402464
C1626,Individual,Jennifer,Morales,1970-02-24,F,France,Provence,Home,2,Yes,Website,53.8507871321013
C1627,Individual,David,Bryant,1973-08-14,M,USA,California,Investment,1,No,Website,50.38193018480493
C1628,Company,Lumina,Co,1993-10-13,F,France,Normandy,Home,4,Yes,Website,30.217659137577
C1629,Individual,Stephanie,Roberts,1956-08-26,F,USA,Utah,Home,5,No,Agency,67.34839151266256
C1630,Company,Grandis,Co,1994-05-06,F,USA,Virginia,Investment,1,Yes,Website,29.65639972621492
C1631,Individual,Joan,Patterson,1966-03-12,F,UK,Northern Ireland,Home,5,No,Website,57.80698151950719
C1632,Individual,Victoria,Wright,1963-07-12,F,USA,California,Investment,3,Yes,Agency,60.473648186173854
C1633,Individual,Sara,Bennett,1977-07-03,F,Canada,Ontario,Home,2,No,Website,46.496919917864474
C1634,Individual,Sara,King,1944-01-11,F,USA,Georgia,Investment,2,No,Website,79.97262149212868
C1635,Individual,Lawrence,Moore,1948-04-27,M,France,Brittany,Home,1,No,Website,75.67967145790554
C1636,Company,Zynex,Co,1987-01-10,F,USA,Arizona,Home,5,Yes,Website,36.97467488021903
C1637,Individual,Jacob,Cook,1969-02-11,M,Mexico,Nuevo Leon,Home,5,No,Agency,54.88569472963724
C1638,Individual,Cynthia,Peterson,1978-12-14,F,France,Occitanie,Investment,1,Yes,Agency,45.04859685147159
C1639,Individual,Ronald,Smith,1943-09-26,M,USA,Colorado,Home,1,No,Website,80.26557152635182
C1640,Individual,Helen,Adams,1966-11-04,F,USA,California,Home,1,Yes,Website,57.158110882956876
C1641,Individual,Charles,Phillips,1972-02-14,M,USA,Utah,Home,1,No,Agency,51.879534565366185
C1642,Individual,Maria,Adams,1981-07-20,F,Canada,British Columbia,Home,5,No,Website,42.450376454483234
C1643,Individual,Carl,Rogers,1978-01-09,M,France,Ile-de-France,Home,4,No,Agency,45.97672826830938
C1644,Individual,Megan,Freeman,1944-06-22,F,USA,California,Home,1,No,Client,79.52635181382615
C1645,Individual,Shirley,Chavez,1995-02-08,F,Australia,New South Wales,Investment,1,No,Website,28.895277207392198
C1646,Individual,Billy,Patterson,1998-06-10,M,USA,Washington,Investment,4,Yes,Agency,25.560574948665298
C1647,Individual,Paul,Stone,1945-11-25,M,USA,Ohio,Home,4,Yes,Agency,78.09993155373031
C1648,Individual,Julia,Wood,1949-09-21,F,Australia,New South Wales,Home,3,No,Website,74.27789185489391
C1649,Individual,Melissa,Price,1982-03-02,F,USA,Oregon,Home,4,Yes,Agency,41.83436002737851
C1650,Individual,Edward,Griffin,1969-04-01,M,USA,Washington,Investment,2,No,Website,54.75154004106776
C1651,Individual,Ryan,Bell,1945-11-19,M,USA,California,Investment,4,No,Website,78.11635865845311
C1652,Individual,Paul,Weaver,1964-01-15,M,USA,Nevada,Investment,4,Yes,Client,59.96167008898015
C1653,Individual,Sara,White,1974-08-02,F,USA,Colorado,Investment,4,Yes,Website,49.4154688569473
C1654,Individual,Judith,Brooks,1968-04-05,F,USA,California,Home,1,No,Website,55.73990417522245
C1655,Individual,Sara,Cox,1965-05-16,F,USA,Texas,Investment,2,No,Website,58.62833675564682
C1656,Individual,Jacob,Baker,1991-05-05,M,Belgium,Wallonia,Investment,4,Yes,Website,32.65982203969884
C1657,Individual,Donald,Kim,1958-05-19,M,USA,California,Home,2,No,Website,65.6208076659822
C1658,Individual,Ronald,Patterson,1970-08-07,M,USA,California,Home,5,No,Agency,53.40177960301163
C1659,Individual,Joshua,Thompson,1946-09-05,M,Denmark,Zealand,Home,4,No,Website,77.3223819301848
C1660,Individual,Henry,Richardson,1940-04-27,M,USA,Nevada,Home,4,Yes,Website,83.67967145790554
C1661,Individual,Ronald,Cox,1975-08-20,M,USA,Washington,Home,4,No,Agency,48.3668720054757
C1662,Individual,Gary,Montgomery,1967-05-16,M,Russia,Tatarstan,Home,4,No,Website,56.629705681040384
C1663,Individual,Joshua,Garcia,1977-05-13,M,USA,Colorado,Investment,3,No,Agency,46.63655030800821
C1664,Individual,Judith,Hayes,1969-07-25,F,France,Occitanie,Investment,5,No,Agency,54.43668720054757
C1665,Individual,Harold,Bell,1995-12-16,M,USA,Arizona,Home,5,No,Website,28.043805612594113
C1666,Individual,Brenda,Edwards,1962-09-08,F,USA,Ohio,Home,2,No,Website,61.31416837782341
C1667,Individual,Stephanie,Cook,1967-11-14,F,USA,California,Investment,4,No,Agency,56.13141683778234
C1668,Individual,Scott,Green,1957-11-12,M,Australia,Victoria,Home,5,No,Website,66.13552361396304
C1669,Individual,Steven,Collins,1960-04-07,M,Canada,Alberta,Investment,3,Yes,Agency,63.73442847364819
C1670,Individual,Angela,Watson,1970-12-09,F,USA,Colorado,Home,3,Yes,Website,53.06228610540725
C1671,Individual,Ashley,Howard,1948-09-13,F,USA,California,Home,3,No,Agency,75.29911019849418
C1672,Individual,Jacqueline,Morales,1974-04-09,F,USA,Nevada,Investment,4,No,Website,49.73032169746749
C1673,Individual,Katherine,Martin,1992-03-04,F,USA,Washington,Home,1,Yes,Website,31.82751540041068
C1674,Individual,Emily,Jackson,1941-12-22,F,USA,California,Home,5,Yes,Website,82.02600958247776
C1675,Individual,Emma,Reyes,1985-04-08,F,Canada,Alberta,Investment,5,No,Website,38.732375085557834
C1676,Individual,Amy,Allen,1999-09-19,F,USA,Washington,Home,2,No,Website,24.28473648186174
C1677,Individual,Kevin,Thomas,1964-12-20,M,USA,Texas,Home,1,Yes,Website,59.030800821355236
C1678,Individual,Gary,Sanders,1961-03-06,M,USA,California,Home,1,Yes,Agency,62.822724161533195
C1679,Individual,Christina,Nelson,1986-02-28,F,USA,Nevada,Investment,4,No,Website,37.83983572895277
C1680,Individual,Danielle,Howard,1999-09-25,F,USA,California,Investment,4,No,Agency,24.268309377138944
C1681,Individual,Carl,Alexander,1961-07-27,M,USA,Oregon,Home,3,Yes,Client,62.431211498973305
C1682,Individual,Amanda,Brooks,1987-04-11,F,USA,Nevada,Home,2,No,Website,36.72553045859001
C1683,Individual,Amber,Patterson,1999-11-19,F,USA,Oregon,Investment,1,No,Client,24.11772758384668
C1684,Individual,Grace,Cooper,1977-07-01,F,USA,Colorado,Investment,4,No,Website,46.502395619438744
C1685,Individual,Kathleen,Parker,1977-05-16,F,USA,California,Home,5,No,Agency,46.62833675564682
C1686,Individual,David,Howard,1977-01-25,M,USA,California,Investment,2,Yes,Agency,46.93223819301848
C1687,Individual,Eric,Anderson,1967-05-15,M,USA,California,Home,4,Yes,Website,56.63244353182751
C1688,Individual,Amanda,Flores,1996-04-28,F,USA,Oregon,Home,5,No,Client,27.67693360711841
C1689,Individual,Virginia,King,1985-01-26,F,USA,Oregon,Investment,1,Yes,Client,38.92950034223135
C1690,Individual,Terry,Martin,1951-08-18,M,Denmark,North Denmark,Home,2,Yes,Agency,72.37234770704997
C1691,Individual,Robert,Reed,1946-03-25,M,USA,Arizona,Home,5,No,Website,77.77138945927447
C1692,Individual,Joseph,Patterson,1991-03-08,M,Canada,Ontario,Home,5,Yes,Agency,32.818617385352496
C1693,Individual,Donald,Turner,1990-11-20,M,Belgium,Flanders,Home,1,No,Website,33.11430527036276
C1694,Individual,Gloria,Foster,1957-07-18,F,USA,Virginia,Home,5,No,Agency,66.45585215605749
C1695,Individual,Tiffany,Peterson,1955-12-13,F,Belgium,Flanders,Home,5,No,Website,68.05201916495551
C1696,Individual,Emily,Jones,1987-02-20,F,USA,Florida,Home,1,No,Website,36.86242299794661
C1697,Individual,Maria,Brown,1980-08-07,F,Belgium,Brussels,Home,2,No,Client,43.40041067761807
C1698,Individual,Zachary,Stone,1950-12-05,M,UK,Northern Ireland,Home,4,Yes,Website,73.07323750855578
C1699,Individual,Peter,Phillips,1969-07-15,M,Australia,Western Australia,Home,3,Yes,Agency,54.46406570841889
C1700,Individual,Nicholas,Young,1943-11-04,M,USA,Nevada,Home,3,No,Website,80.15879534565366
C1701,Individual,Karen,Montgomery,1982-06-27,F,USA,Arizona,Home,1,No,Website,41.51403148528405
C1702,Individual,Frank,Alexander,1990-01-04,M,USA,Washington,Investment,5,Yes,Website,33.99041752224504
C1703,Individual,Gerald,Cox,1999-08-13,M,USA,Texas,Investment,4,No,Agency,24.386036960985628
C1704,Individual,Susan,Flores,1963-02-15,F,Denmark,Capital Region,Home,4,No,Agency,60.876112251882276
C1705,Individual,Kenneth,Howard,1979-11-23,M,USA,Virginia,Investment,3,Yes,Website,44.106776180698155
C1706,Individual,Matthew,Jordan,1976-05-13,M,USA,California,Home,3,Yes,Website,47.63586584531143
C1707,Individual,Adam,Allen,1973-09-19,M,USA,Georgia,Home,1,Yes,Website,50.28336755646817
C1708,Individual,Andrea,Wilson,1986-08-06,F,Germany,Hesse,Home,1,Yes,Agency,37.40451745379877
C1709,Individual,Danielle,Cox,1946-08-09,F,USA,Arizona,Investment,3,No,Agency,77.39630390143738
C1710,Individual,Joe,Flores,1957-05-26,M,Canada,Alberta,Investment,2,Yes,Website,66.6009582477755
C1711,Individual,Debra,Hayes,1981-08-24,F,USA,California,Investment,3,Yes,Website,42.35455167693361
C1712,Individual,Ryan,Turner,1971-03-04,M,France,Occitanie,Home,5,No,Website,52.82956878850103
C1713,Individual,Julia,Cook,1981-02-08,F,USA,Oregon,Home,1,No,Website,42.893908281998634
C1714,Individual,Nathan,Brooks,1948-07-05,M,USA,Colorado,Home,3,No,Website,75.49075975359342
C1715,Individual,Hannah,Watson,1963-04-13,F,USA,Florida,Home,3,Yes,Agency,60.720054757015745
C1716,Individual,Michelle,Montgomery,1980-10-13,F,USA,California,Home,1,No,Website,43.21697467488022
C1717,Individual,Martha,Thomas,1941-12-21,F,USA,California,Home,4,Yes,Website,82.02874743326488
C1718,Individual,Janet,Peterson,1995-01-06,F,USA,California,Home,1,No,Website,28.985626283367555
C1719,Company,Halcyon,Co,1960-05-10,M,USA,Florida,Home,2,No,Agency,63.644079397672826
C1720,Individual,Danielle,Kim,1996-10-10,F,USA,California,Home,5,Yes,Website,27.225188227241617
C1721,Individual,Carl,Weaver,1986-12-10,M,USA,Nevada,Home,2,No,Agency,37.059548254620125
C1722,Individual,Jacqueline,Morris,1982-11-23,F,USA,Nevada,Home,3,No,Website,41.106091718001366
C1723,Individual,Carol,Allen,1998-02-02,F,Canada,Quebec,Home,2,Yes,Agency,25.911019849418206
C1724,Individual,Justin,Cook,1956-06-19,M,USA,Virginia,Home,4,No,Website,67.53456536618754
C1725,Individual,Sharon,Patterson,1959-01-12,F,USA,Nevada,Home,3,Yes,Website,64.96919917864476
C1726,Individual,Diane,Scott,1948-08-15,F,UK,Northern Ireland,Home,3,No,Website,75.37850787132102
C1727,Individual,Katherine,Morales,1945-12-06,F,USA,New York,Home,3,No,Website,78.06981519507187
C1728,Individual,Kimberly,Garcia,1944-03-08,F,USA,Oregon,Home,3,Yes,Client,79.81656399726215
C1729,Individual,Robert,Richardson,1955-06-26,M,Canada,British Columbia,Home,3,Yes,Website,68.51745379876797
C1730,Individual,Jeffrey,Young,1979-11-22,M,Mexico,Puebla,Investment,5,Yes,Agency,44.10951403148528
C1731,Individual,Nathan,Garcia,1971-12-19,M,USA,California,Home,4,Yes,Website,52.035592060232716
C1732,Individual,Megan,Wilson,1970-07-15,F,Canada,Alberta,Investment,2,No,Agency,53.464750171115675
C1733,Individual,Helen,Jones,1948-04-22,F,USA,California,Home,3,Yes,Agency,75.69336071184121
C1734,Individual,Zachary,Roberts,1975-01-14,M,USA,California,Home,5,No,Website,48.9637234770705
C1735,Individual,Amber,Miller,1969-10-07,F,USA,Utah,Investment,3,No,Website,54.234086242299796
C1736,Individual,Ann,Cook,1989-09-21,F,USA,California,Investment,4,Yes,Website,34.27789185489391
C1737,Individual,Jennifer,Jackson,1992-12-24,F,USA,California,Investment,3,No,Website,31.019849418206707
C1738,Individual,Sharon,Hall,1977-02-25,F,USA,California,Home,5,No,Website,46.847364818617386
C1739,Individual,Steven,Smith,1985-02-25,M,Russia,Novosibirsk,Investment,3,Yes,Website,38.847364818617386
C1740,Individual,Ashley,Alexander,1951-09-15,F,USA,California,Home,5,Yes,Website,72.29568788501027
C1741,Individual,Alexander,Wright,1976-04-18,M,USA,Virginia,Home,5,No,Website,47.70431211498973
C1742,Company,Crestwood,Co,1988-08-14,F,USA,California,Home,5,No,Agency,35.38124572210815
C1743,Individual,Linda,Bell,1946-07-26,F,Belgium,Flanders,Home,1,No,Client,77.43463381245722
C1744,Individual,Brian,Green,1961-11-16,M,Russia,Krasnodar Krai,Investment,1,No,Website,62.12457221081451
C1745,Individual,Ann,Sanders,1976-06-21,F,USA,California,Home,1,No,Website,47.52908966461328
C1746,Individual,Jennifer,Cox,1959-06-14,F,Belgium,Flanders,Home,3,No,Website,64.55030800821355
C1747,Individual,Bryan,Flores,1965-02-19,M,USA,Colorado,Home,5,No,Client,58.86379192334018
C1748,Individual,Albert,Jones,1950-11-11,M,USA,California,Home,4,Yes,Website,73.13894592744695
C1749,Individual,Brandon,Moore,1956-05-27,M,USA,California,Home,3,No,Website,67.59753593429159
C1750,Company,Stratos,Co,1991-01-12,M,USA,Colorado,Home,3,No,Website,32.969199178644764
C1751,Individual,Christine,Scott,1955-02-28,F,USA,Ohio,Home,5,No,Website,68.84052019164956
C1752,Individual,Jonathan,Cook,1980-02-06,M,USA,California,Investment,1,Yes,Website,43.90143737166324
C1753,Individual,Arthur,Peterson,1945-12-18,M,USA,Georgia,Investment,3,Yes,Website,78.03696098562628
C1754,Individual,Frank,Gray,1995-11-11,M,USA,Virginia,Home,2,Yes,Website,28.139630390143736
C1755,Individual,Mark,Griffin,1998-08-26,M,USA,Nevada,Home,1,Yes,Website,25.349760438056126
C1756,Individual,Daniel,Cook,1990-03-21,M,USA,Utah,Home,1,No,Website,33.782340862423
C1757,Individual,Brian,Hayes,1985-07-01,M,Germany,Bavaria,Home,3,No,Client,38.502395619438744
C1758,Individual,Carl,Pierce,1985-01-14,M,USA,Oregon,Investment,4,Yes,Agency,38.96235455167693
C1759,Individual,Jose,Stone,1974-10-10,M,USA,California,Investment,1,No,Website,49.22655715263518
C1760,Individual,Mary,Harris,1975-10-07,F,Belgium,Brussels,Home,2,No,Website,48.23545516769336
C1761,Individual,Nicholas,Thompson,1955-01-08,M,USA,Washington,Home,1,No,Website,68.9801505817933
C1762,Individual,Larry,Harris,1964-01-21,M,USA,Virginia,Home,1,No,Website,59.945242984257355
C1763,Individual,Kimberly,Young,1954-11-26,F,USA,New York,Home,3,No,Website,69.09787816563997
C1764,Individual,Kelly,Baker,1946-11-05,F,USA,Nevada,Home,2,No,Agency,77.15537303216975
C1765,Individual,Pamela,Reyes,1997-05-01,F,USA,Colorado,Home,1,Yes,Client,26.6694045174538
C1766,Individual,Sharon,Bennett,1993-05-05,F,USA,California,Home,4,No,Website,30.65845311430527
C1767,Individual,Joe,Sanders,1978-05-21,M,USA,Colorado,Home,3,No,Website,45.61533196440794
C1768,Individual,Cynthia,Hughes,1943-03-01,F,Russia,Saint Petersburg,Home,4,No,Website,80.83778234086242
C1769,Company,Forsyte,Co,1985-10-22,M,USA,Oregon,Home,1,Yes,Client,38.19301848049281
C1770,Individual,Betty,Parker,1945-11-17,F,USA,Washington,Home,1,Yes,Agency,78.12183436002738
C1771,Company,Atlas,Co,1975-06-22,M,USA,Georgia,Home,3,Yes,Client,48.5284052019165
C1772,Company,Forsyte,Co,1975-01-13,F,Canada,Alberta,Investment,5,Yes,Agency,48.96646132785763
C1773,Individual,Kenneth,Williams,1980-12-25,M,USA,Nevada,Investment,3,Yes,Agency,43.017111567419576
C1774,Individual,Frank,James,1984-12-26,M,USA,Oregon,Home,4,No,Agency,39.01437371663244
C1775,Individual,Betty,Howard,1970-10-07,F,USA,California,Home,3,No,Agency,53.23477070499658
C1776,Individual,Martha,Mitchell,1973-09-01,F,France,Occitanie,Home,1,No,Website,50.332648870636554
C1777,Individual,Jason,Long,1974-09-24,M,USA,California,Investment,5,No,Client,49.270362765229294
C1778,Individual,Jeffrey,Cox,1994-01-09,M,USA,Georgia,Investment,4,Yes,Website,29.976728268309376
C1779,Individual,Sharon,Thomas,1979-04-20,F,USA,California,Home,5,No,Client,44.70088980150582
C1780,Individual,Richard,Patterson,1956-05-18,M,USA,Utah,Investment,1,No,Website,67.62217659137578
C1781,Individual,Betty,Thomas,1968-10-08,F,USA,California,Home,4,No,Website,55.23066392881588
C1782,Individual,Ann,King,1999-12-04,F,UK,England,Investment,1,No,Website,24.076659822039698
C1783,Individual,Jacob,Garcia,1954-03-07,M,USA,California,Home,3,No,Website,69.82067077344284
C1784,Individual,Albert,Moore,1998-02-24,M,Australia,Western Australia,Home,3,No,Client,25.8507871321013
C1785,Individual,Lauren,Allen,1956-02-27,F,USA,Colorado,Home,1,Yes,Website,67.84394250513347
C1786,Individual,Adam,White,1995-03-07,M,USA,California,Home,1,No,Website,28.82135523613963
C1787,Individual,Stephen,Flores,1955-09-22,M,USA,Georgia,Investment,5,No,Agency,68.27652292950035
C1788,Individual,Zachary,James,1989-10-27,M,USA,California,Home,3,No,Website,34.17932922655715
C1789,Individual,Edward,Brooks,1982-07-25,M,USA,Colorado,Home,5,Yes,Agency,41.437371663244356
C1790,Individual,Jacob,Hansen,1940-02-18,M,USA,Nevada,Investment,5,No,Client,83.86858316221766
C1791,Individual,Gerald,Scott,1966-04-26,M,USA,California,Home,5,No,Agency,57.68377823408624
C1792,Individual,Terry,Pierce,1995-06-17,M,USA,California,Home,3,No,Agency,28.542094455852155
C1793,Individual,Richard,James,1969-04-05,M,USA,Utah,Investment,1,No,Website,54.74058863791923
C1794,Individual,Douglas,Chavez,1995-12-25,M,USA,Colorado,Home,3,No,Website,28.019164955509925
C1795,Individual,William,Brown,1945-12-01,M,USA,California,Home,5,Yes,Website,78.08350444900753
C1796,Individual,Betty,Hughes,1950-09-21,F,USA,California,Investment,5,Yes,Client,73.27857631759069
C1797,Individual,Katherine,Howard,1957-02-26,F,USA,Oregon,Home,3,Yes,Website,66.84462696783025
C1798,Individual,Bryan,Peterson,1966-08-10,M,USA,Arizona,Investment,1,Yes,Website,57.39356605065024
C1799,Individual,Cheryl,Freeman,1950-01-11,F,USA,Colorado,Home,5,No,Agency,73.97125256673512
C1800,Individual,James,Campbell,1944-04-13,M,USA,Oregon,Home,1,No,Client,79.7180013689254
C1801,Individual,Jose,Howard,1964-02-08,M,USA,California,Home,5,Yes,Website,59.89596167008898
C1802,Individual,Jack,Morris,1948-03-26,M,USA,Nevada,Investment,1,No,Client,75.76728268309377
C1803,Individual,Susan,Bennett,1987-04-14,F,Canada,Quebec,Investment,5,No,Agency,36.71731690622861
C1804,Individual,Albert,Kim,1989-03-03,M,USA,California,Home,1,No,Website,34.83093771389459
C1805,Individual,Austin,Kim,1953-01-09,M,UK,Northern Ireland,Investment,3,No,Website,70.97604380561259
C1806,Individual,Martha,Turner,1967-04-13,F,Australia,New South Wales,Investment,2,No,Agency,56.720054757015745
C1807,Individual,Angela,Allen,1957-02-05,F,France,Brittany,Home,5,No,Website,66.90212183436003
C1808,Individual,Victoria,Stewart,1990-01-08,F,USA,Washington,Investment,2,No,Client,33.97946611909651
C1809,Individual,Laura,White,1981-05-03,F,USA,New York,Home,4,Yes,Agency,42.66392881587954
C1810,Individual,Maria,Collins,1945-01-06,F,USA,Texas,Home,3,No,Agency,78.98425735797399
C1811,Individual,Stephanie,Williams,1958-02-16,F,USA,California,Home,3,Yes,Agency,65.87268993839835
C1812,Individual,Ryan,White,1977-04-18,M,France,Provence,Home,5,Yes,Website,46.704996577686515
C1813,Individual,Walter,Jordan,1947-12-02,M,Germany,Hamburg,Investment,3,Yes,Website,76.08213552361396
C1814,Individual,Scott,Roberts,1987-04-07,M,Denmark,North Denmark,Home,2,No,Website,36.73648186173853
C1815,Individual,Aaron,Carter,1949-03-26,M,USA,California,Home,5,No,Agency,74.76796714579055
C1816,Individual,Sean,Miller,1962-04-08,M,Canada,Quebec,Home,2,No,Website,61.73305954825462
C1817,Individual,Cynthia,Garcia,1944-07-28,F,USA,Virginia,Home,1,No,Agency,79.42778918548939
C1818,Individual,Christine,Wood,1994-08-17,F,USA,Washington,Investment,5,Yes,Website,29.374401095140314
C1819,Individual,William,Brown,1963-02-11,M,Russia,Krasnodar Krai,Home,1,No,Website,60.8870636550308
C1820,Individual,Nicholas,Howard,1979-08-21,M,France,Provence,Home,3,No,Website,44.36413415468857
C1821,Individual,Adam,Smith,1944-10-22,M,USA,Nevada,Home,5,No,Website,79.19233401779603
C1822,Individual,Frank,Weaver,1996-02-28,M,USA,Oregon,Investment,5,Yes,Website,27.84120465434634
C1823,Individual,Jacob,Watson,1967-08-11,M,USA,Oregon,Home,4,Yes,Website,56.39151266255989
C1824,Individual,Jeffrey,Weaver,1962-09-05,M,USA,California,Home,3,No,Website,61.322381930184804
C1825,Individual,Eric,Jones,1956-12-28,M,Mexico,Nuevo Leon,Home,2,No,Agency,67.00889801505818
C1826,Individual,Jack,Williams,1951-06-08,M,USA,Ohio,Home,4,No,Client,72.56673511293634
C1827,Individual,Donald,Thompson,1973-01-02,M,USA,New York,Home,5,Yes,Website,50.99520876112252
C1828,Individual,William,Wood,1991-11-15,M,USA,California,Investment,2,Yes,Website,32.12867898699521
C1829,Individual,Rachel,Ward,1997-07-17,F,USA,California,Home,5,Yes,Agency,26.458590006844627
C1830,Individual,Virginia,Owens,1959-03-20,F,USA,Arizona,Home,3,No,Website,64.78576317590691
C1831,Individual,Janice,Smith,1950-09-15,F,Russia,Tatarstan,Home,3,No,Website,73.29500342231348
C1832,Individual,Henry,Garcia,1987-04-21,M,USA,Oregon,Investment,1,Yes,Website,36.69815195071869
C1833,Individual,Jennifer,Weaver,1948-01-17,F,USA,Arizona,Investment,1,Yes,Website,75.95619438740589
C1834,Individual,Zachary,Phillips,1963-03-13,M,Belgium,Flanders,Investment,5,No,Agency,60.80492813141684
C1835,Individual,Nicole,Pierce,1959-10-25,F,Canada,Alberta,Investment,4,Yes,Agency,64.18617385352498
C1836,Individual,Judy,Wood,1960-10-08,F,USA,California,Investment,1,Yes,Website,63.23066392881588
C1837,Individual,Julia,Freeman,1950-04-06,F,USA,California,Home,2,Yes,Client,73.73853524982889
C1838,Individual,Joyce,Morales,1965-01-14,F,Canada,Alberta,Investment,1,No,Agency,58.96235455167693
C1839,Individual,Kyle,Gray,1943-01-21,M,USA,California,Investment,2,No,Agency,80.94455852156058
C1840,Individual,Gerald,Weaver,1986-06-22,M,UK,England,Investment,3,No,Website,37.52772073921971
C1841,Individual,Austin,Williams,1947-05-27,M,USA,New York,Home,4,No,Website,76.59958932238193
C1842,Company,Rexon,Co,1978-10-08,M,Canada,Alberta,Home,3,Yes,Agency,45.23203285420944
C1843,Individual,Jose,Stone,1952-06-18,M,Germany,Hesse,Home,4,No,Website,71.53730321697468
C1844,Individual,Grace,Howard,1978-07-21,F,USA,Ohio,Home,1,No,Agency,45.44832306639288
C1845,Individual,Joshua,Green,1949-09-11,M,USA,California,Investment,1,Yes,Website,74.30527036276523
C1846,Individual,Sara,Allen,1985-10-26,F,Russia,Novosibirsk,Home,5,Yes,Agency,38.182067077344286
C1847,Individual,Brian,Griffin,1952-04-01,M,USA,Utah,Home,4,No,Website,71.75085557837097
C1848,Individual,Sarah,Davis,1993-07-17,F,USA,California,Home,2,No,Website,30.458590006844627
C1849,Individual,Joseph,Wilson,1976-09-02,M,Canada,Alberta,Investment,3,Yes,Website,47.32922655715264
C1850,Individual,Gregory,Miller,1971-07-25,M,USA,New York,Investment,5,Yes,Agency,52.43805612594114
C1851,Individual,Kimberly,Miller,1954-06-08,F,UK,England,Home,3,Yes,Agency,69.56605065023956
C1852,Individual,Julie,Hall,1997-12-15,F,USA,Virginia,Home,4,No,Website,26.04517453798768
C1853,Individual,Jennifer,Owens,1949-02-24,F,USA,Virginia,Investment,4,No,Website,74.85010266940452
C1854,Company,Rexon,Co,1960-03-23,M,France,Ile-de-France,Investment,1,No,Client,63.775496235455165
C1855,Individual,Gloria,Hansen,1984-02-07,F,USA,California,Home,2,Yes,Website,39.898699520876114
C1856,Company,Altira,Co,1994-05-24,M,USA,Virginia,Home,2,No,Website,29.607118412046542
C1857,Individual,Walter,Johnson,1987-03-22,M,USA,California,Investment,2,Yes,Website,36.780287474332646
C1858,Individual,Amy,Hayes,1958-06-05,F,USA,Colorado,Home,5,No,Website,65.57426420260096
C1859,Individual,Zachary,Taylor,1943-11-18,M,USA,California,Home,5,Yes,Client,80.12046543463381
C1860,Company,Caldera,Co,1970-07-17,F,USA,California,Home,4,Yes,Agency,53.45927446954141
C1861,Individual,Nathan,Evans,1982-01-08,M,USA,California,Investment,3,Yes,Website,41.97946611909651
C1862,Individual,Joshua,Long,1953-08-22,M,USA,California,Home,1,Yes,Website,70.36002737850787
C1863,Individual,Megan,Hansen,1948-03-04,F,UK,Scotland,Home,3,No,Website,75.82751540041068
C1864,Individual,Hannah,Weaver,1972-04-25,F,USA,New York,Home,5,Yes,Website,51.68514715947981
C1865,Individual,Sean,Rogers,1974-01-11,M,USA,Arizona,Investment,4,No,Website,49.97125256673511
C1866,Individual,Joyce,Martin,1971-08-23,F,USA,Nevada,Home,2,No,Agency,52.3586584531143
C1867,Individual,Robert,Richardson,1952-01-13,M,USA,California,Home,2,Yes,Website,71.96714579055441
C1868,Individual,Michelle,Thomas,1975-11-28,F,UK,Wales,Home,1,No,Website,48.09308692676249
C1869,Individual,Margaret,Campbell,1975-10-05,F,Mexico,Nuevo Leon,Home,5,No,Client,48.24093086926762
C1870,Individual,Lawrence,Moore,1980-10-13,M,USA,Washington,Investment,1,No,Agency,43.21697467488022
C1871,Individual,Amy,Reyes,1961-10-18,F,USA,Texas,Home,1,Yes,Website,62.20396988364134
C1872,Individual,Raymond,Jones,1940-10-23,M,Mexico,Mexico City,Home,5,No,Client,83.1895961670089
C1873,Individual,Cheryl,Collins,1959-03-10,F,Canada,British Columbia,Home,5,No,Agency,64.81314168377824
C1874,Individual,Justin,Cooper,1972-11-18,M,USA,Colorado,Investment,1,No,Agency,51.11841204654346
C1875,Individual,Melissa,Roberts,1943-09-13,F,USA,Nevada,Home,2,No,Client,80.30116358658454
C1876,Company,Bravada,Co,1981-03-17,M,USA,Ohio,Investment,4,Yes,Website,42.79260780287474
C1877,Individual,Walter,Bryant,1961-09-16,M,USA,Arizona,Home,5,No,Agency,62.29158110882957
C1878,Individual,Paul,Rogers,1967-10-07,M,USA,Washington,Home,5,No,Agency,56.23545516769336
C1879,Individual,Deborah,Roberts,1977-01-23,F,USA,New York,Home,3,No,Website,46.93771389459275
C1880,Individual,Joan,Morales,1998-01-22,F,USA,California,Home,5,Yes,Client,25.94113620807666
C1881,Individual,Brenda,Phillips,1989-09-13,F,USA,Oregon,Home,2,Yes,Website,34.299794661190965
C1882,Individual,Deborah,Turner,1960-03-22,F,USA,Virginia,Investment,3,No,Website,63.7782340862423
C1883,Individual,Sean,Peterson,1941-02-11,M,USA,California,Home,1,No,Agency,82.88569472963724
C1884,Individual,Terry,Bell,1954-08-06,M,USA,Nevada,Home,5,Yes,Website,69.40451745379877
C1885,Individual,Ryan,Bell,1967-10-26,M,Germany,Hamburg,Home,1,Yes,Agency,56.18343600273785
C1886,Individual,Maria,Richardson,1999-11-16,F,USA,California,Home,5,No,Website,24.125941136208077
C1887,Individual,Emma,Campbell,1986-01-07,F,USA,Oregon,Investment,1,No,Agency,37.98220396988364
C1888,Individual,Donald,Griffin,1962-08-06,M,USA,California,Home,3,No,Website,61.40451745379877
C1889,Individual,Matthew,Richardson,1987-07-10,M,USA,California,Home,4,Yes,Website,36.479123887748116
C1890,Individual,Mark,Nelson,1954-03-12,M,Canada,Ontario,Home,4,No,Client,69.80698151950719
C1891,Individual,Gary,James,1972-06-02,M,USA,Oregon,Home,2,No,Agency,51.58110882956879
C1892,Individual,Nancy,Jones,1951-06-06,F,USA,Nevada,Investment,5,Yes,Agency,72.57221081451061
C1893,Individual,Ann,Davis,1962-12-27,F,USA,Washington,Home,1,Yes,Website,61.01300479123888
C1894,Individual,Joyce,Hall,1944-03-11,F,USA,Texas,Investment,4,No,Website,79.80835044490075
C1895,Company,Caldera,Co,1969-01-07,M,USA,Nevada,Investment,4,No,Agency,54.98151950718686
C1896,Individual,Andrew,Bryant,1955-06-17,M,USA,Virginia,Investment,3,No,Agency,68.54209445585215
C1897,Individual,Catherine,Rogers,1950-12-27,F,Canada,Ontario,Home,2,No,Website,73.01300479123887
C1898,Individual,Daniel,James,1979-01-05,M,USA,New York,Home,1,Yes,Website,44.988364134154686
C1899,Individual,Joe,Mitchell,1996-04-05,M,UK,England,Home,3,No,Website,27.73990417522245
C1900,Individual,Rachel,Griffin,1998-09-07,F,UK,England,Investment,4,No,Client,25.31690622861054
C1901,Individual,Justin,Stewart,1982-09-17,M,Canada,British Columbia,Home,4,No,Agency,41.28952772073922
C1902,Company,Grandis,Co,1980-11-09,M,USA,Colorado,Investment,2,No,Agency,43.14305270362765
C1903,Individual,Nicole,Bennett,1991-12-01,F,USA,Nevada,Home,2,No,Website,32.0848733744011
C1904,Individual,Christian,Nelson,1949-03-23,M,USA,Texas,Home,2,Yes,Website,74.77618069815195
C1905,Individual,James,Morris,1961-02-02,M,USA,Virginia,Home,1,No,Website,62.91033538672142
C1906,Individual,Michelle,Adams,1955-09-15,F,USA,California,Home,2,No,Agency,68.29568788501027
C1907,Individual,Kyle,Wright,1950-03-12,M,USA,Colorado,Home,3,No,Website,73.80698151950719
C1908,Individual,Andrea,Moore,1976-03-28,F,USA,California,Home,2,No,Website,47.761806981519506
C1909,Individual,Heather,Pierce,1985-12-04,F,USA,California,Investment,2,No,Agency,38.07529089664613
C1910,Company,Telnox,Co,1985-10-04,M,USA,California,Home,2,Yes,Agency,38.24229979466119
C1911,Individual,Noah,Murray,1989-01-11,M,USA,California,Home,5,No,Agency,34.97056810403833
C1912,Individual,Amanda,Jackson,1954-07-26,F,USA,Utah,Investment,1,No,Website,69.43463381245722
C1913,Individual,Gary,King,1980-11-12,M,France,Provence,Home,5,No,Website,43.134839151266256
C1914,Individual,Brenda,Gray,1993-08-24,F,UK,Scotland,Home,4,Yes,Website,30.354551676933607
C1915,Individual,Angela,Williams,1964-06-09,F,USA,Arizona,Investment,4,No,Client,59.56194387405886
C1916,Individual,Zachary,Weaver,1948-10-15,M,USA,California,Investment,2,No,Website,75.21149897330595
C1917,Individual,Angela,Montgomery,1971-09-16,F,Australia,New South Wales,Home,2,No,Client,52.29295003422313
C1918,Individual,Dorothy,Murray,1940-09-17,F,USA,California,Home,1,No,Client,83.28815879534565
C1919,Company,Vantage,Co,1968-01-19,F,USA,Nevada,Investment,1,No,Website,55.950718685831625
C1920,Individual,Jonathan,Pierce,1969-10-26,M,Germany,North Rhine-Westphalia,Home,5,No,Agency,54.182067077344286
C1921,Individual,Carolyn,Adams,1956-12-24,F,France,Provence,Home,5,No,Website,67.0198494182067
C1922,Individual,Jessica,Garcia,1988-01-09,F,USA,California,Home,1,No,Agency,35.97809719370294
C1923,Individual,Sarah,Cooper,1947-03-07,F,Mexico,Jalisco,Investment,1,Yes,Client,76.82135523613962
C1924,Individual,Joe,Cooper,1958-01-03,M,USA,California,Home,3,No,Client,65.99315537303217
C1925,Individual,Jordan,Baker,1942-01-19,M,USA,Colorado,Home,2,No,Agency,81.94934976043805
C1926,Individual,Joshua,Watson,1997-11-05,M,Mexico,Puebla,Home,1,Yes,Website,26.154688569472963
C1927,Individual,Victoria,Long,1952-11-05,F,USA,California,Investment,1,Yes,Website,71.15400410677618
C1928,Individual,Paul,Scott,1998-02-20,M,Australia,New South Wales,Home,4,Yes,Client,25.861738535249827
C1929,Individual,Angela,Baker,1941-10-24,F,Mexico,Jalisco,Home,1,Yes,Agency,82.18754277891856
C1930,Individual,Rachel,Adams,1966-01-22,F,USA,Colorado,Investment,3,No,Agency,57.94113620807666
C1931,Individual,Melissa,Jackson,1995-05-01,F,USA,Utah,Home,5,Yes,Website,28.670773442847366
C1932,Individual,Dorothy,Allen,1962-05-13,F,USA,California,Investment,2,No,Website,61.637234770705
C1933,Company,Oasis,Co,1994-04-05,F,Australia,Queensland,Home,1,No,Client,29.741273100616016
C1934,Individual,Noah,Montgomery,1978-03-25,M,France,Ile-de-France,Investment,4,Yes,Client,45.77138945927447
C1935,Individual,Ashley,Young,1983-04-14,F,USA,Arizona,Home,5,No,Website,40.71731690622861
C1936,Individual,Jeffrey,Brown,1984-02-24,M,Russia,Krasnodar Krai,Home,1,Yes,Agency,39.85215605749487
C1937,Individual,Ashley,Richardson,1961-03-16,F,USA,Arizona,Home,3,Yes,Website,62.795345653661876
C1938,Individual,Peter,Anderson,1973-07-28,M,Canada,Quebec,Home,4,Yes,Website,50.42847364818618
C1939,Individual,Gloria,White,1979-06-09,F,USA,Florida,Investment,1,Yes,Agency,44.563997262149215
C1940,Individual,Barbara,Turner,1997-02-01,F,Canada,Manitoba,Home,4,No,Agency,26.913073237508556
C1941,Individual,Maria,James,1943-05-20,F,USA,Nevada,Home,5,No,Client,80.61875427789185
C1942,Company,Stratos,Co,1984-11-10,F,USA,Nevada,Home,2,Yes,Agency,39.14031485284052
C1943,Individual,Eric,Long,1973-01-04,M,USA,Arizona,Home,1,No,Website,50.98973305954826
C1944,Individual,Henry,Pierce,1986-02-15,M,USA,California,Investment,1,No,Website,37.87542778918549
C1945,Individual,Sean,Johnson,1967-02-26,M,Mexico,Mexico City,Investment,3,No,Website,56.84599589322382
C1946,Individual,Mark,Bell,1955-01-15,M,USA,California,Home,1,No,Agency,68.96098562628337
C1947,Individual,Walter,Mitchell,1979-02-02,M,USA,Nevada,Home,3,No,Website,44.91170431211499
C1948,Individual,Melissa,Harris,1955-04-01,F,USA,Arizona,Home,2,No,Agency,68.75290896646133
C1949,Individual,Christina,James,1955-07-20,F,USA,Colorado,Home,2,Yes,Agency,68.4517453798768
C1950,Individual,Edward,Weaver,1975-03-27,M,USA,Ohio,Home,4,No,Agency,48.766598220396986
C1951,Individual,Alexander,Murray,1996-09-08,M,USA,Utah,Home,1,Yes,Website,27.312799452429843
C1952,Company,Optima,Co,1992-05-06,M,USA,Nevada,Home,3,No,Agency,31.655030800821354
C1953,Individual,Donald,Miller,1972-10-16,M,Germany,Bavaria,Home,1,Yes,Website,51.20876112251882
C1954,Individual,Judy,Roberts,1966-09-03,F,Australia,Western Australia,Investment,3,No,Website,57.327857631759066
C1955,Individual,Benjamin,Wright,1998-05-20,M,Canada,Quebec,Home,1,No,Website,25.61806981519507
C1956,Individual,Julie,Weaver,1967-08-21,F,USA,Oregon,Home,2,No,Agency,56.36413415468857
C1957,Individual,Adam,Howard,1962-09-24,M,USA,California,Home,4,Yes,Website,61.270362765229294
C1958,Individual,Susan,Foster,1970-10-09,F,USA,California,Home,3,No,Website,53.229295003422315
C1959,Individual,Judy,Morales,1942-02-20,F,USA,Texas,Home,1,No,Website,81.86173853524983
C1960,Individual,Dorothy,Brown,1987-08-02,F,USA,Colorado,Home,2,Yes,Website,36.41615331964408
C1961,Individual,William,Campbell,1994-09-26,M,USA,California,Home,5,No,Agency,29.26488706365503
C1962,Individual,Kimberly,Harris,1995-08-01,F,Mexico,Puebla,Home,5,No,Agency,28.418891170431213
C1963,Company,Terova,Co,1968-03-01,M,USA,Texas,Home,5,No,Website,55.83572895277207
C1964,Individual,Kevin,Martin,1972-06-17,M,USA,Virginia,Home,5,No,Agency,51.540041067761805
C1965,Individual,Sean,Wright,1997-01-09,M,USA,California,Home,4,No,Agency,26.976043805612594
C1966,Individual,Ronald,Howard,1964-02-10,M,Canada,British Columbia,Home,1,No,Agency,59.89048596851472
C1967,Individual,Roger,Bryant,1957-10-09,M,USA,Oregon,Investment,4,No,Agency,66.22861054072553
C1968,Individual,Judy,Griffin,1958-11-02,F,USA,California,Investment,3,Yes,Client,65.16358658453115
C1969,Individual,Jesse,James,1993-06-14,M,USA,Colorado,Investment,2,Yes,Agency,30.548939082819988
C1970,Individual,Raymond,Howard,1978-02-25,M,USA,Arizona,Investment,4,Yes,Website,45.84804928131417
C1971,Individual,Emma,Jordan,1976-07-18,F,USA,Virginia,Home,5,No,Website,47.455167693360714
C1972,Individual,Carol,Wilson,1972-01-05,F,USA,California,Home,4,Yes,Website,51.98904859685147
C1973,Company,Oasis,Co,1993-09-13,M,USA,Washington,Home,4,Yes,Agency,30.299794661190965
C1974,Individual,Keith,Peterson,1950-04-09,M,USA,Nevada,Home,5,Yes,Agency,73.73032169746749
C1975,Individual,Dorothy,Campbell,1975-08-05,F,Belgium,Wallonia,Home,4,No,Agency,48.407939767282684
C1976,Individual,Albert,Wilson,1995-05-03,M,USA,Florida,Home,5,No,Client,28.6652977412731
C1977,Individual,Jason,Bennett,1994-04-07,M,USA,Virginia,Home,1,No,Website,29.73579739904175
C1978,Company,Summit,Co,1967-02-06,F,USA,California,Investment,5,Yes,Website,56.90075290896646
C1979,Individual,Brian,Richardson,1942-05-25,M,USA,Colorado,Home,3,Yes,Agency,81.60438056125942
C1980,Individual,Barbara,Green,1956-05-09,F,USA,Texas,Investment,4,No,Website,67.64681724845995
C1981,Individual,Sarah,Flores,1992-12-09,F,Canada,Quebec,Home,5,No,Agency,31.06091718001369
C1982,Individual,Jose,Long,1947-09-05,M,USA,California,Home,4,Yes,Website,76.32306639288159
C1983,Individual,Ryan,Reed,1961-03-13,M,UK,Northern Ireland,Home,3,No,Website,62.80355920602327
C1984,Individual,Jesse,Watson,1956-10-18,M,USA,California,Home,4,No,Website,67.20328542094455
C1985,Individual,Gregory,Bell,1963-05-11,M,UK,Scotland,Home,1,Yes,Agency,60.643394934976044
C1986,Individual,Thomas,Griffin,1977-04-23,M,USA,New York,Investment,1,No,Website,46.691307323750856
C1987,Individual,Douglas,Davis,1986-10-18,M,Belgium,Wallonia,Investment,5,No,Website,37.204654346338124
C1988,Individual,Henry,Thompson,1994-09-19,M,USA,California,Home,5,Yes,Website,29.284052019164957
C1989,Individual,William,Montgomery,1959-11-19,M,USA,Texas,Home,3,No,Agency,64.11772758384669
C1990,Individual,Scott,Howard,1976-11-28,M,USA,Texas,Investment,5,No,Agency,47.09103353867214
C1991,Individual,Susan,Reed,1950-07-09,F,USA,California,Home,3,No,Website,73.48117727583846
C1992,Individual,Rachel,Hansen,1943-01-19,F,USA,Texas,Home,3,Yes,Website,80.95003422313484
C1993,Individual,Douglas,Thompson,1985-06-09,M,USA,New York,Home,2,No,Website,38.562628336755644
C1994,Individual,Nicole,Miller,1994-07-21,F,USA,Oregon,Investment,3,Yes,Website,29.44832306639288
C1995,Individual,Michelle,Scott,1993-03-05,F,USA,California,Investment,4,No,Agency,30.82546201232033
C1996,Individual,Samantha,Brooks,1992-06-20,F,USA,Nevada,Home,1,Yes,Website,31.531827515400412
C1997,Individual,Matthew,Cox,1942-09-27,M,USA,Arizona,Home,4,Yes,Website,81.2621492128679
C1998,Individual,Mark,Patterson,1963-09-13,M,USA,Virginia,Home,5,Yes,Website,60.30116358658453
C1999,Individual,Lawrence,Montgomery,1944-06-15,M,USA,Ohio,Home,4,Yes,Client,79.54551676933607
C2000,Individual,Amanda,James,1996-03-24,F,USA,Georgia,Home,1,Yes,Agency,27.772758384668034
